id,Year,Team,Player,ast,stl,blk,TRB,p3%,p3A,2p%,2pA,PTS,MP,WS,Height,Weight,Position,Number,Draft_Year,picture_url,career_ast,career_stl,career_blk,career_TRB,career_3p%,career_3pA,career_2p%,career_2pA,career_PTS,career_MP,fgoal
1,2015,Golden State Warriors,Stephen Curry,7.7,2,0.2,4.3,0.443,8.1,0.528,8.7,23.8,32.7,15.7,3-Jun,185,PG,30,2009,curryst01.png,6.9,1.8,0.2,4.3,0.444,7.3,0.503,9.3,22.4,34.9,47.71%
2,2015,Golden State Warriors,Klay Thompson,2.9,1.1,0.8,3.2,0.439,7.1,0.481,9.8,21.7,31.9,8.8,7-Jun,205,SG,11,2011,thompkl01.png,2.3,0.9,0.5,3.3,0.42,6.5,0.472,8.7,18.4,32.5,44.98%
3,2015,Golden State Warriors,Draymond Green,3.7,1.6,1.3,8.2,0.337,4.2,0.523,5.5,11.7,31.5,8.5,7-Jun,230,PF,23,2012,greendr01.png,3.4,1.2,1,6.5,0.342,2.6,0.494,4.6,8.7,25.4,43.91%
4,2015,Golden State Warriors,Harrison Barnes,1.4,0.7,0.2,5.5,0.405,2.6,0.519,5.4,10.1,28.3,6.7,8-Jun,210,SF,40,2012,barneha02.png,1.5,0.7,0.2,4.6,0.376,2.5,0.475,6,10.1,28.1,44.59%
5,2015,Golden State Warriors,Andre Iguodala,3,1.2,0.3,3.3,0.349,2.8,0.553,3.7,7.8,26.9,5.1,6-Jun,207,SG,9,2004,iguodan01.png,4.6,1.6,0.5,5.4,0.334,2.8,0.509,7.6,13.5,35.4,46.19%
6,2014,San Antonio Spurs,Tony Parker,5.7,0.5,0.1,2.3,0.373,1,0.509,12.5,16.7,29.4,5.9,2-Jun,185,PG,9,2001,parketo01.jpg,5.9,0.9,0.1,2.9,0.327,1.3,0.513,12,16.6,32.1,49.48%
7,2014,San Antonio Spurs,Tim Duncan,3,0.6,1.9,9.7,0,0.1,0.493,12.2,15.1,29.2,7.4,11-Jun,250,C,21,1997,duncati01.jpg,3,0.7,2.2,10.8,0.179,0.1,0.509,14.5,19,34,50.67%
8,2014,San Antonio Spurs,Kawhi Leonard,2,1.7,0.8,6.2,0.379,2.8,0.579,7,12.8,29.1,7.7,7-Jun,230,SF,2,2011,leonaka01.png,2,1.8,0.7,6.3,0.391,2.9,0.54,7.8,14.3,29.9,49.96%
9,2014,San Antonio Spurs,Marco Belinelli,2.2,0.6,0.1,2.8,0.43,3.7,0.525,5,11.4,25.2,5.9,5-Jun,210,SF,3,2007,belinma01.png,1.6,0.6,0.1,2,0.379,3.5,0.458,4.6,9.5,23,42.39%
10,2014,San Antonio Spurs,Boris Diaw,2.8,0.6,0.4,4.1,0.402,1.4,0.549,5.9,9.1,25,4.9,8-Jun,250,PF,33,2003,diawbo01.png,3.5,0.6,0.5,4.5,0.342,1.3,0.529,6.1,8.9,27.7,49.61%
11,2013,Miami Heat,LeBron James,7.3,1.7,0.9,8,0.406,3.3,0.602,14.5,26.8,37.9,19.3,8-Jun,250,PF,6,2003,jamesle01.png,6.9,1.7,0.8,7.2,0.34,4,0.538,15.7,27.2,39,49.78%
12,2013,Miami Heat,Dwyane Wade,5.1,1.9,0.8,5,0.258,1,0.537,14.9,21.2,34.7,9.6,4-Jun,220,SG,3,2003,wadedw01.png,5.8,1.7,0.9,4.8,0.284,1.6,0.508,16,23.7,35.7,48.76%
13,2013,Miami Heat,Chris Bosh,1.7,0.9,1.4,6.8,0.284,1,0.557,11.3,16.6,33.2,9,11-Jun,235,C,1,2003,boshch01.png,2,0.8,1,8.5,0.335,1,0.506,13.1,19.2,35.8,49.39%
14,2013,Miami Heat,Mario Chalmers,3.5,1.5,0.2,2.2,0.409,3.9,0.456,3,8.6,26.9,5.2,2-Jun,190,PG,15,2008,chalmma01.png,3.8,1.5,0.2,2.5,0.358,3.4,0.477,3.9,9,27.3,42.16%
15,2013,Miami Heat,Ray Allen,1.7,0.8,0.2,2.7,0.419,4.2,0.48,4,10.9,25.8,5.4,5-Jun,205,SG,34,1996,allenra02.jpg,3.4,1.1,0.2,4.1,0.4,5.7,0.485,8.9,18.9,35.6,45.18%
16,2012,Miami Heat,LeBron James,6.2,1.9,0.8,7.9,0.362,2.4,0.556,16.5,27.1,37.5,14.5,8-Jun,250,SF,6,2003,jamesle01.png,6.9,1.7,0.8,7.2,0.34,4,0.538,15.7,27.2,39,49.78%
17,2012,Miami Heat,Chris Bosh,1.8,0.9,0.8,7.9,0.286,0.6,0.496,13.5,18,35.2,6.9,11-Jun,235,PF,1,2003,boshch01.png,2,0.8,1,8.5,0.335,1,0.506,13.1,19.2,35.8,49.39%
18,2012,Miami Heat,Dwyane Wade,4.6,1.7,1.3,4.8,0.268,1.1,0.513,15.9,22.1,33.2,7.7,4-Jun,220,SG,3,2003,wadedw01.png,5.8,1.7,0.9,4.8,0.284,1.6,0.508,16,23.7,35.7,48.76%
19,2012,Miami Heat,Mario Chalmers,3.5,1.5,0.2,2.7,0.388,4.1,0.513,3.7,9.8,28.5,4.3,2-Jun,190,PG,15,2008,chalmma01.png,3.8,1.5,0.2,2.5,0.358,3.4,0.477,3.9,9,27.3,42.16%
20,2012,Miami Heat,Udonis Haslem,0.7,0.5,0.4,7.3,None,0,0.423,5.6,6,24.8,3.5,8-Jun,235,PF,40,,hasleud01.png,0.9,0.5,0.3,7,0.094,0,0.494,6.5,7.9,26.1,49.40%
21,2011,Dallas Mavericks,Dirk Nowitzki,2.6,0.5,0.6,7,0.393,2.3,0.538,13.8,23,34.3,11.1,Jul-00,245,PF,41,1998,nowitdi01.jpg,2.5,0.8,0.9,7.9,0.381,3.3,0.498,13,22,35.3,47.43%
22,2011,Dallas Mavericks,Jason Kidd,8.2,1.7,0.4,4.4,0.34,4.9,0.4,2.6,7.9,33.2,6.4,4-Jun,205,PG,2,1994,kiddja01.jpg,8.7,1.9,0.3,6.3,0.349,4.1,0.429,7.1,12.6,36,39.97%
23,2011,Dallas Mavericks,Jason Terry,4.1,1.1,0.2,1.9,0.362,4.3,0.493,9,15.8,31.3,5.3,2-Jun,185,SG,31,1999,terryja01.jpg,4.1,1.2,0.2,2.4,0.379,4.5,0.484,7.4,14.3,31,44.43%
24,2011,Dallas Mavericks,Caron Butler,1.6,1,0.3,4.1,0.431,2.2,0.454,10.8,15,29.9,1.2,7-Jun,228,SF,4,2002,butleca01.png,2.3,1.3,0.2,5,0.348,2.4,0.456,9.6,14.1,32.2,43.44%
25,2011,Dallas Mavericks,Shawn Marion,1.4,0.9,0.6,6.9,0.152,0.4,0.536,10,12.5,28.2,5.6,7-Jun,220,SF,0,1999,mariosh01.jpg,1.9,1.5,1.1,8.7,0.331,2.1,0.513,10.9,15.2,34.5,48.36%
26,2010,Los Angeles Lakers,Kobe Bryant,5,1.5,0.3,5.4,0.329,4.1,0.487,17.4,27,38.8,9.4,6-Jun,212,SG,24,1996,bryanko01.jpg,4.7,1.4,0.5,5.2,0.329,4.1,0.479,15.3,25,36.1,44.73%
27,2010,Los Angeles Lakers,Pau Gasol,3.4,0.6,1.7,11.3,0,0.1,0.539,12.9,18.3,37,11,Jul-00,250,C,16,2001,gasolpa01.jpg,3.3,0.5,1.7,9.5,0.297,0.2,0.514,13.4,18.2,35.3,51.08%
28,2010,Los Angeles Lakers,Metta World Peace,3,1.4,0.3,4.3,0.355,3.8,0.453,5.8,11,33.8,5.3,6-Jun,260,SF,37,1999,artesro01.jpg,2.7,1.8,0.5,4.6,0.34,3.5,0.447,8.1,13.5,32.4,41.47%
29,2010,Los Angeles Lakers,Lamar Odom,3.3,0.9,0.7,9.8,0.319,2.2,0.51,6.8,10.8,31.5,7.7,10-Jun,220,PF,7,1999,odomla01.jpg,3.7,0.9,0.9,8.4,0.312,2.2,0.502,8.6,13.3,33.4,46.33%
30,2010,Los Angeles Lakers,Andrew Bynum,1,0.5,1.4,8.3,0,0,0.571,10.6,15,30.4,7.8,Jul-00,285,C,17,2005,bynuman01.png,1.2,0.3,1.6,7.7,0.111,0,0.557,8.2,11.5,25.6,55.70%
31,2009,Los Angeles Lakers,Pau Gasol,3.5,0.6,1,9.6,0.5,0,0.567,12.9,18.9,37,13.9,Jul-00,250,C,16,2001,gasolpa01.jpg,3.3,0.5,1.7,9.5,0.297,0.2,0.514,13.4,18.2,35.3,51.08%
32,2009,Los Angeles Lakers,Kobe Bryant,4.9,1.5,0.5,5.2,0.351,4.1,0.496,16.8,26.8,36.1,12.7,6-Jun,212,SG,24,1996,bryanko01.jpg,4.7,1.4,0.5,5.2,0.329,4.1,0.479,15.3,25,36.1,44.73%
33,2009,Los Angeles Lakers,Derek Fisher,3.2,1.2,0.1,2.3,0.397,3.7,0.446,4.7,9.9,29.8,6.3,1-Jun,200,PG,2,1996,fishede01.jpg,3,1.1,0.1,2.1,0.374,2.6,0.413,4.7,8.3,25.4,39.91%
34,2009,Los Angeles Lakers,Lamar Odom,2.6,1,1.3,8.2,0.32,1.3,0.522,7.7,11.3,29.7,6.9,10-Jun,220,PF,7,1999,odomla01.jpg,3.7,0.9,0.9,8.4,0.312,2.2,0.502,8.6,13.3,33.4,46.33%
35,2009,Los Angeles Lakers,Andrew Bynum,1.4,0.4,1.8,8,None,0,0.56,10,14.3,28.9,5.5,Jul-00,285,C,17,2005,bynuman01.png,1.2,0.3,1.6,7.7,0.111,0,0.557,8.2,11.5,25.6,55.70%
36,2008,Boston Celtics,Ray Allen,3.1,0.9,0.2,3.7,0.398,6.2,0.485,7.3,17.4,35.9,9.7,5-Jun,205,SG,20,1996,allenra02.jpg,3.4,1.1,0.2,4.1,0.4,5.7,0.485,8.9,18.9,35.6,45.18%
37,2008,Boston Celtics,Paul Pierce,4.5,1.3,0.5,5.1,0.392,4.6,0.499,9.2,19.6,35.9,12.4,7-Jun,235,SF,34,1998,piercpa01.jpg,3.6,1.3,0.6,5.7,0.369,4.4,0.478,10.3,20,34.6,44.54%
38,2008,Boston Celtics,Kevin Garnett,3.4,1.4,1.3,9.2,0,0.2,0.545,13.8,18.8,32.8,12.9,11-Jun,240,PF,5,1995,garneke01.jpg,3.7,1.3,1.4,10,0.275,0.4,0.504,14,17.8,34.5,49.76%
39,2008,Boston Celtics,Rajon Rondo,5.1,1.7,0.2,4.2,0.263,0.2,0.499,9,10.6,29.9,7.2,1-Jun,186,PG,9,2006,rondora01.png,8.7,1.8,0.1,4.8,0.289,1,0.488,8.8,11,32.9,46.77%
40,2008,Boston Celtics,James Posey,1.5,1,0.3,4.4,0.38,3.8,0.496,1.8,7.4,24.6,6.2,8-Jun,215,PF,41,1999,poseyja01.jpg,1.6,1.1,0.3,4.7,0.349,3.4,0.467,3.6,8.6,26.9,40.97%
41,2007,San Antonio Spurs,Tim Duncan,3.4,0.8,2.4,10.6,0.111,0.1,0.55,14,20,34.1,13,11-Jun,250,C,21,1997,duncati01.jpg,3,0.7,2.2,10.8,0.179,0.1,0.509,14.5,19,34,50.67%
42,2007,San Antonio Spurs,Tony Parker,5.5,1.1,0.1,3.2,0.395,0.5,0.525,13.7,18.6,32.5,9.6,2-Jun,185,PG,9,2001,parketo01.jpg,5.9,0.9,0.1,2.9,0.327,1.3,0.513,12,16.6,32.1,49.48%
43,2007,San Antonio Spurs,Bruce Bowen,1.4,0.8,0.3,2.7,0.384,2.8,0.426,2.9,6.2,30,4.1,7-Jun,185,SF,12,,bowenbr01.jpg,1.2,0.8,0.4,2.8,0.393,2.4,0.421,3.1,6.1,27.6,40.88%
44,2007,San Antonio Spurs,Manu Ginobili,3.5,1.5,0.4,4.4,0.396,4.3,0.505,7.1,16.5,27.5,10.6,6-Jun,205,SG,20,1999,ginobma01.png,4,1.4,0.3,3.7,0.369,3.9,0.501,6.2,14,26.3,45.00%
45,2007,San Antonio Spurs,James White,0.8,0.5,0.2,3.3,0.286,1.2,0.471,5.7,8.3,22.8,0.3,7-Jun,200,SG,33,2006,whiteja02.png,0.5,0.3,0.1,1,0.34,0.7,0.482,1.7,2.7,8.7,44.06%
46,2006,Miami Heat,Dwyane Wade,6.7,1.9,0.8,5.7,0.171,1,0.513,17.8,27.2,38.6,14.4,4-Jun,220,SG,3,2003,wadedw01.png,5.8,1.7,0.9,4.8,0.284,1.6,0.508,16,23.7,35.7,48.76%
47,2006,Miami Heat,Jason Williams,4.9,0.9,0.1,2.4,0.372,4.9,0.506,5.4,12.3,31.8,4.8,1-Jun,190,PG,55,1998,willija02.jpg,5.9,1.2,0.1,2.3,0.327,4.8,0.467,5,10.5,29.4,39.84%
48,2006,Miami Heat,Udonis Haslem,1.2,0.6,0.2,7.8,0,0,0.509,7.3,9.3,30.8,7,8-Jun,235,PF,40,,hasleud01.png,0.9,0.5,0.3,7,0.094,0,0.494,6.5,7.9,26.1,49.40%
49,2006,Miami Heat,Shaquille O'Neal,1.9,0.4,1.8,9.2,None,0,0.6,13.6,20,30.6,6.2,1-Jul,325,C,32,1992,onealsh01.jpg,2.5,0.6,2.3,10.9,0.045,0,0.583,16.1,23.7,34.7,58.30%
50,2006,Miami Heat,James Posey,1.3,0.8,0.3,4.8,0.403,4.3,0.4,1.6,7.2,28.6,4.2,8-Jun,215,SF,42,1999,poseyja01.jpg,1.6,1.1,0.3,4.7,0.349,3.4,0.467,3.6,8.6,26.9,40.97%
51,2005,San Antonio Spurs,Tony Parker,6.1,1.2,0.1,3.7,0.276,2,0.516,12,16.6,34.2,8.1,2-Jun,185,PG,9,2001,parketo01.jpg,5.9,0.9,0.1,2.9,0.327,1.3,0.513,12,16.6,32.1,49.48%
52,2005,San Antonio Spurs,Tim Duncan,2.7,0.7,2.6,11.1,0.333,0.1,0.498,15.7,20.3,33.4,11.2,11-Jun,250,PF,21,1997,duncati01.jpg,3,0.7,2.2,10.8,0.179,0.1,0.509,14.5,19,34,50.67%
53,2005,San Antonio Spurs,Bruce Bowen,1.5,0.7,0.5,3.5,0.403,3.1,0.432,4.2,8.2,32,6.1,7-Jun,185,SF,12,,bowenbr01.jpg,1.2,0.8,0.4,2.8,0.393,2.4,0.421,3.1,6.1,27.6,40.88%
54,2005,San Antonio Spurs,Manu Ginobili,3.9,1.6,0.4,4.4,0.376,3.5,0.517,7.1,16,29.6,11,6-Jun,205,SG,20,1999,ginobma01.png,4,1.4,0.3,3.7,0.369,3.9,0.501,6.2,14,26.3,45.00%
55,2005,San Antonio Spurs,Rasho Nesterovic,1,0.4,1.7,6.6,None,0,0.46,6.1,5.9,25.5,4.2,Jul-00,248,C,8,1998,nestera01.jpg,1,0.4,1.2,5.1,0.077,0,0.503,6.3,6.8,22.2,50.30%
56,2004,Detroit Pistons,Ben Wallace,1.7,1.8,3,12.4,0.125,0.1,0.424,9.1,9.5,37.7,10.2,9-Jun,240,C,3,,wallabe01.jpg,1.3,1.3,2,9.6,0.137,0,0.477,4.9,5.7,29.5,47.70%
57,2004,Detroit Pistons,Richard Hamilton,4,1.3,0.2,3.6,0.265,0.9,0.466,14.1,17.6,35.5,8.1,6-Jun,185,SG,32,1999,hamilri01.jpg,3.4,0.8,0.1,3.1,0.346,1.7,0.463,12.8,17.1,32.1,44.93%
58,2004,Detroit Pistons,Chauncey Billups,5.7,1.1,0.1,3.5,0.388,4.3,0.396,8.5,16.9,35.4,11.3,3-Jun,202,PG,1,1997,billuch01.jpg,5.4,1,0.2,2.9,0.387,4.5,0.435,6.4,15.2,31.6,41.52%
59,2004,Detroit Pistons,Tayshaun Prince,2.3,0.8,0.8,4.8,0.363,1.9,0.496,6.9,10.3,32.9,7.5,9-Jun,212,SF,22,2002,princta01.png,2.4,0.6,0.5,4.3,0.367,1.5,0.47,8.4,11.1,31,45.44%
60,2004,Detroit Pistons,Rasheed Wallace,1.8,1.1,2,7,0.319,3.1,0.467,9.6,13.7,30.6,2.4,10-Jun,225,PF,30,1995,wallara01.jpg,1.8,1,1.3,6.7,0.336,2.9,0.508,9.3,14.4,32.7,46.71%
61,2003,San Antonio Spurs,Tim Duncan,3.9,0.7,2.9,12.9,0.273,0.3,0.517,16.9,23.3,39.3,16.5,11-Jun,250,PF,21,1997,duncati01.jpg,3,0.7,2.2,10.8,0.179,0.1,0.509,14.5,19,34,50.67%
62,2003,San Antonio Spurs,Tony Parker,5.3,0.9,0,2.6,0.337,3,0.503,9.8,15.5,33.8,7.7,2-Jun,185,PG,9,2001,parketo01.jpg,5.9,0.9,0.1,2.9,0.327,1.3,0.513,12,16.6,32.1,49.48%
63,2003,San Antonio Spurs,Bruce Bowen,1.4,0.8,0.5,2.9,0.441,2.8,0.488,3,7.1,31.3,5.1,7-Jun,185,SF,12,,bowenbr01.jpg,1.2,0.8,0.4,2.8,0.393,2.4,0.421,3.1,6.1,27.6,40.88%
64,2003,San Antonio Spurs,Stephen Jackson,2.3,1.6,0.4,3.6,0.32,3.7,0.501,6.5,11.8,28.2,4.8,8-Jun,218,SG,3,1997,jacksst02.png,3.1,1.3,0.4,3.9,0.333,4.4,0.456,8.6,15.1,31.9,41.44%
65,2003,San Antonio Spurs,`,1,0.8,1.7,7.9,None,0,0.469,6.6,8.5,26.2,6,1-Jul,235,C,50,1987,robinda01.jpg,2.5,1.4,3,10.6,0.25,0.1,0.52,14.3,21.1,34.7,51.81%
66,2002,Los Angeles Lakers,Kobe Bryant,5.5,1.5,0.4,5.5,0.25,1.7,0.489,18.3,25.2,38.3,12.7,6-Jun,212,SG,8,1996,bryanko01.jpg,4.7,1.4,0.5,5.2,0.329,4.1,0.479,15.3,25,36.1,44.73%
67,2002,Los Angeles Lakers,Shaquille O'Neal,3,0.6,2,10.7,0,0,0.58,18.3,27.2,36.1,13.2,1-Jul,325,C,34,1992,onealsh01.jpg,2.5,0.6,2.3,10.9,0.045,0,0.583,16.1,23.7,34.7,58.30%
68,2002,Los Angeles Lakers,Derek Fisher,2.6,0.9,0.1,2.1,0.413,5,0.41,4.5,11.2,28.2,5.5,1-Jun,200,PG,2,1996,fishede01.jpg,3,1.1,0.1,2.1,0.374,2.6,0.413,4.7,8.3,25.4,39.91%
69,2002,Los Angeles Lakers,Rick Fox,3.5,0.8,0.3,4.7,0.313,2.5,0.479,4.8,7.9,27.9,4.3,7-Jun,230,SF,17,1991,foxri01.jpg,2.8,1,0.4,3.8,0.349,2.4,0.492,5.7,9.6,25.5,44.96%
70,2002,Los Angeles Lakers,Robert Horry,2.9,1,1.1,5.9,0.374,2.5,0.416,3.2,6.8,26.4,6.9,9-Jun,220,PF,5,1992,horryro01.jpg,2.1,1,0.9,4.8,0.341,2.1,0.469,3.9,7,24.5,42.42%
71,2001,Los Angeles Lakers,Kobe Bryant,5,1.7,0.6,5.9,0.305,2.9,0.489,19.3,28.5,40.9,11.3,6-Jun,212,SG,8,1996,bryanko01.jpg,4.7,1.4,0.5,5.2,0.329,4.1,0.479,15.3,25,36.1,44.73%
72,2001,Los Angeles Lakers,Shaquille O'Neal,3.7,0.6,2.8,12.7,0,0,0.573,19.2,28.7,39.5,14.9,1-Jul,325,C,34,1992,onealsh01.jpg,2.5,0.6,2.3,10.9,0.045,0,0.583,16.1,23.7,34.7,58.30%
73,2001,Los Angeles Lakers,Derek Fisher,4.4,2,0.1,3,0.397,3.2,0.419,6.2,11.5,35.5,1.8,1-Jun,200,PG,2,1996,fishede01.jpg,3,1.1,0.1,2.1,0.374,2.6,0.413,4.7,8.3,25.4,39.91%
74,2001,Los Angeles Lakers,Horace Grant,1.6,0.7,0.8,7.1,0,0,0.465,7.4,8.5,31,6.5,10-Jun,215,PF,54,1987,grantho01.jpg,2.2,1,1,8.1,0.063,0.1,0.511,9.1,11.2,33.2,50.61%
75,2001,Los Angeles Lakers,Rick Fox,3.2,0.9,0.4,4,0.393,3.7,0.488,4.2,9.6,27.9,5.1,7-Jun,230,SF,17,1991,foxri01.jpg,2.8,1,0.4,3.8,0.349,2.4,0.492,5.7,9.6,25.5,44.96%
76,2000,Los Angeles Lakers,Shaquille O'Neal,3.8,0.5,3,13.6,0,0,0.575,21.1,29.7,40,18.6,1-Jul,325,C,34,1992,onealsh01.jpg,2.5,0.6,2.3,10.9,0.045,0,0.583,16.1,23.7,34.7,58.30%
77,2000,Los Angeles Lakers,Kobe Bryant,4.9,1.6,0.9,6.3,0.319,2.2,0.489,15.7,22.5,38.2,10.6,6-Jun,212,SG,8,1996,bryanko01.jpg,4.7,1.4,0.5,5.2,0.329,4.1,0.479,15.3,25,36.1,44.73%
78,2000,Los Angeles Lakers,Glen Rice,2.2,0.6,0.2,4.1,0.367,2.9,0.449,9.4,15.9,31.6,9,7-Jun,215,SF,41,1989,ricegl01.jpg,2.1,1,0.3,4.4,0.4,3.9,0.476,11,18.3,35,45.61%
79,2000,Los Angeles Lakers,Ron Harper,3.4,1.1,0.5,4.2,0.311,1.3,0.421,5.3,7,25.5,4,6-Jun,185,PG,4,1986,harpero01.jpg,3.9,1.7,0.7,4.3,0.289,1.8,0.474,10,13.8,30.9,44.58%
80,2000,Los Angeles Lakers,A.C. Green,1,0.6,0.2,5.9,0.25,0,0.449,4.7,5,23.5,5,9-Jun,220,PF,45,1985,greenac01.jpg,1.1,0.8,0.4,7.4,0.254,0.4,0.507,6.8,9.6,28.6,49.29%
81,1999,San Antonio Spurs,Tim Duncan,2.4,0.9,2.5,11.4,0.143,0.1,0.498,16.8,21.7,39.3,8.7,11-Jun,250,PF,21,1997,duncati01.jpg,3,0.7,2.2,10.8,0.179,0.1,0.509,14.5,19,34,50.67%
82,1999,San Antonio Spurs,Avery Johnson,7.4,1,0.2,2.4,0.083,0.2,0.483,9,9.7,33.4,3.9,10-May,175,PG,6,,johnsav01.jpg,5.5,1,0.1,1.7,0.145,0.2,0.487,7,8.4,25.3,47.75%
83,1999,San Antonio Spurs,David Robinson,2.1,1.4,2.4,10,0,0,0.51,10.7,15.8,31.7,8.4,1-Jul,235,C,50,1987,robinda01.jpg,2.5,1.4,3,10.6,0.25,0.1,0.52,14.3,21.1,34.7,51.81%
84,1999,San Antonio Spurs,Sean Elliott,2.3,0.5,0.3,4.3,0.328,2.4,0.436,7.8,11.2,30.2,3.5,8-Jun,205,SF,32,1989,elliose01.jpg,2.6,0.8,0.4,4.3,0.375,2.1,0.486,9.1,14.2,33,46.52%
85,1999,San Antonio Spurs,Mario Elie,1.9,1,0.3,2.9,0.374,2.3,0.518,4.8,9.7,27.5,4.5,5-Jun,210,SG,17,1985,eliema01.png,2.6,0.9,0.2,2.8,0.365,2.1,0.53,4,8.6,25.5,47.32%
86,1998,Chicago Bulls,Michael Jordan,3.5,1.7,0.5,5.8,0.238,1.5,0.482,21.5,28.7,38.8,15.8,6-Jun,195,SG,23,1984,jordami01.jpg,5.3,2.3,0.8,6.2,0.327,1.7,0.51,21.2,30.1,38.3,49.64%
87,1998,Chicago Bulls,Scottie Pippen,5.8,1.8,1,5.2,0.318,4.4,0.496,11.6,19.1,37.5,6.6,8-Jun,210,SF,33,1987,pippesc01.jpg,5.2,2,0.8,6.4,0.326,2.5,0.507,10.8,16.1,34.9,47.30%
88,1998,Chicago Bulls,Dennis Rodman,2.9,0.6,0.2,15,0.174,0.3,0.448,4.2,4.7,35.7,7.8,7-Jun,210,PF,91,1986,rodmade01.jpg,1.8,0.7,0.6,13.1,0.231,0.4,0.542,5.4,7.3,31.7,52.06%
89,1998,Chicago Bulls,Toni Kukoc,4.2,1,0.5,4.4,0.362,2.4,0.48,9,13.3,30.2,7,10-Jun,192,SF,7,1990,kukocto01.jpg,3.7,1,0.3,4.2,0.335,2.6,0.488,7,11.6,26.3,44.66%
90,1998,Chicago Bulls,Luc Longley,2.8,0.6,1.1,5.9,None,0,0.455,10.5,11.4,29.4,3.4,2-Jul,265,C,13,1991,longllu01.jpg,1.5,0.5,1,4.9,0,0,0.463,6.4,7.2,21.2,46.30%
91,1997,Chicago Bulls,Michael Jordan,4.3,1.7,0.5,5.9,0.374,3.6,0.507,19.5,29.6,37.9,18.3,6-Jun,195,SG,23,1984,jordami01.jpg,5.3,2.3,0.8,6.2,0.327,1.7,0.51,21.2,30.1,38.3,49.64%
92,1997,Chicago Bulls,Scottie Pippen,5.7,1.9,0.5,6.5,0.368,5.2,0.522,11.5,20.2,37.7,13.1,8-Jun,210,SF,33,1987,pippesc01.jpg,5.2,2,0.8,6.4,0.326,2.5,0.507,10.8,16.1,34.9,47.30%
93,1997,Chicago Bulls,Dennis Rodman,3.1,0.6,0.3,16.1,0.263,0.3,0.461,4.9,5.7,35.4,6,7-Jun,210,PF,91,1986,rodmade01.jpg,1.8,0.7,0.6,13.1,0.231,0.4,0.542,5.4,7.3,31.7,52.06%
94,1997,Chicago Bulls,Toni Kukoc,4.5,1.1,0.5,4.6,0.331,2.6,0.518,8,13.2,28.2,6.9,10-Jun,192,SF,7,1990,kukocto01.jpg,3.7,1,0.3,4.2,0.335,2.6,0.488,7,11.6,26.3,44.66%
95,1997,Chicago Bulls,Luc Longley,2.4,0.4,1.1,5.6,0,0,0.458,8.2,9.1,24.9,3.1,2-Jul,265,C,13,1991,longllu01.jpg,1.5,0.5,1,4.9,0,0,0.463,6.4,7.2,21.2,46.30%
96,1996,Chicago Bulls,Michael Jordan,4.3,2.2,0.5,6.6,0.427,3.2,0.506,19.4,30.4,37.7,20.4,6-Jun,195,SG,23,1984,jordami01.jpg,5.3,2.3,0.8,6.2,0.327,1.7,0.51,21.2,30.1,38.3,49.64%
97,1996,Chicago Bulls,Scottie Pippen,5.9,1.7,0.7,6.4,0.374,5.2,0.507,10.6,19.4,36.7,12.3,8-Jun,210,SF,33,1987,pippesc01.jpg,5.2,2,0.8,6.4,0.326,2.5,0.507,10.8,16.1,34.9,47.30%
98,1996,Chicago Bulls,Dennis Rodman,2.5,0.6,0.4,14.9,0.111,0.4,0.516,4.3,5.5,32.6,6.2,7-Jun,210,PF,91,1986,rodmade01.jpg,1.8,0.7,0.6,13.1,0.231,0.4,0.542,5.4,7.3,31.7,52.06%
99,1996,Chicago Bulls,Luc Longley,1.9,0.4,1.4,5.1,None,0,0.482,8.1,9.1,26.5,3.5,2-Jul,265,C,13,1991,longllu01.jpg,1.5,0.5,1,4.9,0,0,0.463,6.4,7.2,21.2,46.30%
100,1996,Chicago Bulls,Toni Kukoc,3.5,0.8,0.3,4,0.403,2.7,0.524,7,13.1,26,10.1,10-Jun,192,SF,7,1990,kukocto01.jpg,3.7,1,0.3,4.2,0.335,2.6,0.488,7,11.6,26.3,44.66%
101,1995,Houston Rockets,Hakeem Olajuwon,3.5,1.8,3.4,10.8,0.188,0.2,0.52,21.2,27.8,39.6,10.7,Jul-00,255,C,34,1984,olajuha01.jpg,2.5,1.7,3.1,11.1,0.202,0.1,0.514,16.9,21.8,35.7,51.22%
102,1995,Houston Rockets,Clyde Drexler,4.4,1.8,0.7,7,0.357,4.8,0.575,10.2,21.4,37.1,5.2,7-Jun,210,SG,22,1983,drexlcl01.jpg,5.6,2,0.7,6.1,0.318,2.4,0.498,13.9,20.4,34.6,47.15%
103,1995,Houston Rockets,Otis Thorpe,1.6,0.6,0.4,8.9,0,0.1,0.567,10.1,13.3,33,2.3,9-Jun,225,PF,33,1984,thorpot01.jpg,2.2,0.7,0.4,8.2,0.047,0.1,0.548,10,14,31.7,54.30%
104,1995,Houston Rockets,Robert Horry,3.4,1.5,1.2,5.1,0.379,3.5,0.497,4.8,10.2,32.4,4.2,9-Jun,220,PF,25,1992,horryro01.jpg,2.1,1,0.9,4.8,0.341,2.1,0.469,3.9,7,24.5,42.42%
105,1995,Houston Rockets,Vernon Maxwell,4.3,1.2,0.2,2.6,0.324,6.9,0.485,5.3,13.3,31.8,1.9,4-Jun,180,SG,11,1988,maxweve01.jpg,3.4,1.1,0.2,2.6,0.32,4.6,0.45,7,12.8,28.4,39.84%
106,1994,Houston Rockets,Hakeem Olajuwon,3.6,1.6,3.7,11.9,0.421,0.2,0.529,20.9,27.3,41,14.3,Jul-00,255,C,34,1984,olajuha01.jpg,2.5,1.7,3.1,11.1,0.202,0.1,0.514,16.9,21.8,35.7,51.22%
107,1994,Houston Rockets,Otis Thorpe,2.3,0.8,0.3,10.6,0,0,0.562,9.7,14,35.5,9.8,9-Jun,225,PF,33,1984,thorpot01.jpg,2.2,0.7,0.4,8.2,0.047,0.1,0.548,10,14,31.7,54.30%
108,1994,Houston Rockets,Vernon Maxwell,5.1,1.7,0.3,3.1,0.298,5.4,0.454,7.6,13.6,34.3,3.5,4-Jun,180,SG,11,1988,maxweve01.jpg,3.4,1.1,0.2,2.6,0.32,4.6,0.45,7,12.8,28.4,39.84%
109,1994,Houston Rockets,Robert Horry,2.9,1.5,0.9,5.4,0.324,1.7,0.491,7,9.9,29.3,5.9,9-Jun,220,SF,25,1992,horryro01.jpg,2.1,1,0.9,4.8,0.341,2.1,0.469,3.9,7,24.5,42.42%
110,1994,Houston Rockets,Kenny Smith,4.2,0.8,0.1,1.8,0.405,2.8,0.513,6.3,11.6,28.3,6.1,3-Jun,170,PG,30,1987,smithke01.jpg,5.5,1,0.1,2,0.399,2.3,0.503,7.7,12.8,30.1,47.91%
111,1993,Chicago Bulls,Michael Jordan,5.5,2.8,0.8,6.7,0.352,2.9,0.514,22.7,32.6,39.3,17.2,6-Jun,195,SG,23,1984,jordami01.jpg,5.3,2.3,0.8,6.2,0.327,1.7,0.51,21.2,30.1,38.3,49.64%
112,1993,Chicago Bulls,Scottie Pippen,6.3,2.1,0.9,7.7,0.237,1.1,0.491,15.2,18.6,38.6,8.6,8-Jun,210,SF,33,1987,pippesc01.jpg,5.2,2,0.8,6.4,0.326,2.5,0.507,10.8,16.1,34.9,47.30%
113,1993,Chicago Bulls,Horace Grant,2.6,1.2,1.2,9.5,0.2,0.1,0.51,10.7,13.2,35.6,9.1,10-Jun,215,PF,54,1987,grantho01.jpg,2.2,1,1,8.1,0.063,0.1,0.511,9.1,11.2,33.2,50.61%
114,1993,Chicago Bulls,B.J. Armstrong,4,0.8,0.1,1.8,0.453,1.7,0.508,8.3,12.3,30.4,7.5,2-Jun,175,PG,10,1989,armstbj01.jpg,3.3,0.7,0.1,1.8,0.425,1.4,0.487,6.6,9.8,23.8,47.62%
115,1993,Chicago Bulls,Bill Cartwright,1.3,0.3,0.2,3.7,None,0,0.411,5.4,5.6,19.9,1.2,1-Jul,245,C,24,1979,cartwbi01.jpg,1.4,0.5,0.7,6.3,0,0,0.525,9.2,13.2,28.5,52.50%
116,1992,Chicago Bulls,Michael Jordan,6.1,2.3,0.9,6.4,0.27,1.3,0.533,21.5,30.1,38.8,17.7,6-Jun,195,SG,23,1984,jordami01.jpg,5.3,2.3,0.8,6.2,0.327,1.7,0.51,21.2,30.1,38.3,49.64%
117,1992,Chicago Bulls,Scottie Pippen,7,1.9,1.1,7.7,0.2,1,0.525,15.6,21,38.6,12.7,8-Jun,210,SF,33,1987,pippesc01.jpg,5.2,2,0.8,6.4,0.326,2.5,0.507,10.8,16.1,34.9,47.30%
118,1992,Chicago Bulls,Horace Grant,2.7,1.2,1.6,10,0,0,0.58,9.7,14.2,35.3,14.1,10-Jun,215,PF,54,1987,grantho01.jpg,2.2,1,1,8.1,0.063,0.1,0.511,9.1,11.2,33.2,50.61%
119,1992,Chicago Bulls,John Paxson,3.1,0.6,0.1,1.2,0.273,0.6,0.553,5.6,7,24.6,4.7,2-Jun,185,PG,5,1983,sports-direct-275x35.png,3.6,0.7,0.1,1.2,0.355,1,0.527,5.2,7.2,22.4,49.93%
120,1992,Chicago Bulls,Bill Cartwright,1.4,0.3,0.2,5.1,None,0,0.467,7,8,23,2.5,1-Jul,245,C,24,1979,cartwbi01.jpg,1.4,0.5,0.7,6.3,0,0,0.525,9.2,13.2,28.5,52.50%
121,1991,Chicago Bulls,Michael Jordan,5.5,2.7,1,6,0.312,1.1,0.551,21.3,31.5,37,20.3,6-Jun,195,SG,23,1984,jordami01.jpg,5.3,2.3,0.8,6.2,0.327,1.7,0.51,21.2,30.1,38.3,49.64%
122,1991,Chicago Bulls,Scottie Pippen,6.2,2.4,1.1,7.3,0.309,0.8,0.534,13.2,17.8,36.8,11.2,8-Jun,210,SF,33,1987,pippesc01.jpg,5.2,2,0.8,6.4,0.326,2.5,0.507,10.8,16.1,34.9,47.30%
123,1991,Chicago Bulls,Horace Grant,2.3,1.2,0.9,8.4,0.167,0.1,0.55,9.3,12.8,33.9,10.3,10-Jun,215,PF,54,1987,grantho01.jpg,2.2,1,1,8.1,0.063,0.1,0.511,9.1,11.2,33.2,50.61%
124,1991,Chicago Bulls,Bill Cartwright,1.6,0.4,0.2,6.2,None,0,0.49,8.2,9.6,28.8,4.2,1-Jul,245,C,24,1979,cartwbi01.jpg,1.4,0.5,0.7,6.3,0,0,0.525,9.2,13.2,28.5,52.50%
125,1991,Chicago Bulls,John Paxson,3.6,0.8,0,1.1,0.438,1.2,0.571,5.9,8.7,24,5.7,2-Jun,185,PG,5,1983,sports-direct-275x35.png,3.6,0.7,0.1,1.2,0.355,1,0.527,5.2,7.2,22.4,49.93%
126,1990,Detroit Pistons,Isiah Thomas,9.4,1.7,0.2,3.8,0.309,1.7,0.453,14.6,18.4,37,6.7,1-Jun,180,PG,11,1981,thomais01.jpg,9.3,1.9,0.3,3.6,0.29,1.4,0.468,14.8,19.2,36.3,45.26%
127,1990,Detroit Pistons,Joe Dumars,4.9,0.8,0,2.8,0.4,0.7,0.485,13.4,17.8,34.4,8.7,3-Jun,190,SG,4,1985,dumarjo01.jpg,4.5,0.9,0.1,2.2,0.382,2.5,0.48,10.2,16.1,34.5,46.07%
128,1990,Detroit Pistons,Bill Laimbeer,2.1,0.7,1,9.6,0.361,2,0.515,7.7,12.1,33,10.1,11-Jun,245,C,40,1979,laimbbi01.jpg,2,0.7,0.9,9.7,0.326,0.6,0.508,9.9,12.9,31.8,49.76%
129,1990,Detroit Pistons,Dennis Rodman,0.9,0.6,0.7,9.7,0.111,0.1,0.589,5.9,8.8,29,9.3,7-Jun,210,PF,10,1986,rodmade01.jpg,1.8,0.7,0.6,13.1,0.231,0.4,0.542,5.4,7.3,31.7,52.06%
130,1990,Detroit Pistons,James Edwards,0.8,0.3,0.5,4.2,0,0,0.499,11.3,14.5,27.8,5.6,Jul-00,225,C,53,1977,edwarja01.jpg,1.3,0.4,0.7,5.1,0.048,0,0.496,10,12.7,24.3,49.60%
131,1989,Detroit Pistons,Isiah Thomas,8.3,1.7,0.3,3.4,0.273,1.5,0.485,13.8,18.2,36.6,7,1-Jun,180,PG,11,1981,thomais01.jpg,9.3,1.9,0.3,3.6,0.29,1.4,0.468,14.8,19.2,36.3,45.26%
132,1989,Detroit Pistons,Joe Dumars,5.7,0.9,0.1,2.5,0.483,0.4,0.506,12.7,17.2,34.9,7,3-Jun,190,SG,4,1985,dumarjo01.jpg,4.5,0.9,0.1,2.2,0.382,2.5,0.48,10.2,16.1,34.5,46.07%
133,1989,Detroit Pistons,Bill Laimbeer,2.2,0.6,1.2,9.6,0.349,1.1,0.515,10,13.7,32.6,9,11-Jun,245,C,40,1979,laimbbi01.jpg,2,0.7,0.9,9.7,0.326,0.6,0.508,9.9,12.9,31.8,49.76%
134,1989,Detroit Pistons,Adrian Dantley,2.2,0.5,0.1,3.9,None,0,0.521,11.8,18.4,31.9,5.3,5-Jun,208,SF,45,1976,dantlad01.jpg,3,1,0.2,5.7,0.171,0.1,0.541,15.8,24.3,35.8,53.87%
135,1989,Detroit Pistons,Mark Aguirre,2.5,0.4,0.2,4.2,0.293,2.1,0.522,10.2,15.5,29.7,2.8,6-Jun,232,SF,23,1981,aguirma01.jpg,3.1,0.7,0.3,5,0.312,1.4,0.5,14.7,20,30,48.37%
136,1988,Los Angeles Lakers,Byron Scott,4.1,1.9,0.3,4.1,0.346,2.2,0.554,14.4,21.7,37.6,10.7,3-Jun,195,SG,4,1983,scottby01.jpg,2.5,1.1,0.3,2.8,0.37,2,0.505,9.5,14.1,28.1,48.15%
137,1988,Los Angeles Lakers,Magic Johnson,11.9,1.6,0.2,6.2,0.196,0.8,0.51,13.1,19.6,36.6,10.9,9-Jun,215,PG,32,1979,johnsma02.jpg,11.2,1.9,0.4,7.2,0.303,1.2,0.541,12,19.5,36.7,51.94%
138,1988,Los Angeles Lakers,James Worthy,3.9,1,0.7,5,0.125,0.2,0.537,15.3,19.7,35.4,7.9,9-Jun,225,SF,42,1982,worthja01.jpg,3,1.1,0.7,5.1,0.241,0.5,0.532,13.7,17.6,32.4,52.18%
139,1988,Los Angeles Lakers,A.C. Green,1.1,1.1,0.5,8.7,0,0,0.505,7.8,11.4,32.1,7.9,9-Jun,220,PF,45,1985,greenac01.jpg,1.1,0.8,0.4,7.4,0.254,0.4,0.507,6.8,9.6,28.6,49.29%
140,1988,Los Angeles Lakers,Michael Cooper,4.7,1.1,0.4,3.7,0.32,2.9,0.434,5,8.7,29.4,3.1,5-Jun,170,SG,21,1978,coopemi01.jpg,4.2,1.2,0.6,3.2,0.34,1.4,0.5,5.9,8.9,27.1,46.93%
141,1987,Los Angeles Lakers,Magic Johnson,12.2,1.7,0.5,6.3,0.205,0.5,0.532,15.9,23.9,36.3,15.9,9-Jun,215,PG,32,1979,johnsma02.jpg,11.2,1.9,0.4,7.2,0.303,1.2,0.541,12,19.5,36.7,51.94%
142,1987,Los Angeles Lakers,James Worthy,2.8,1.3,1,5.7,0,0.2,0.545,14.6,19.4,34.4,9.3,9-Jun,225,SF,42,1982,worthja01.jpg,3,1.1,0.7,5.1,0.241,0.5,0.532,13.7,17.6,32.4,52.18%
143,1987,Los Angeles Lakers,Byron Scott,3.4,1.5,0.2,3.5,0.436,1.8,0.496,12,17,33.3,7.7,3-Jun,195,SG,4,1983,scottby01.jpg,2.5,1.1,0.3,2.8,0.37,2,0.505,9.5,14.1,28.1,48.15%
144,1987,Los Angeles Lakers,Kareem Abdul-Jabbar,2.6,0.6,1.2,6.7,0.333,0,0.565,12.7,17.5,31.3,7.5,2-Jul,225,C,33,1969,abdulka01.jpg,3.6,0.9,2.6,11.2,0.056,0,0.56,18.1,24.6,36.8,56.00%
145,1987,Los Angeles Lakers,A.C. Green,1.1,0.9,1,7.8,0,0.1,0.543,7.4,10.8,28.4,7.6,9-Jun,220,PF,45,1985,greenac01.jpg,1.1,0.8,0.4,7.4,0.254,0.4,0.507,6.8,9.6,28.6,49.29%
146,1986,Boston Celtics,Larry Bird,6.8,2,0.6,9.8,0.423,2.4,0.506,17.2,25.8,38,15.8,9-Jun,220,SF,33,1978,birdla01.jpg,6.3,1.7,0.8,10,0.376,1.9,0.509,17.4,24.3,38.4,49.59%
147,1986,Boston Celtics,Kevin McHale,2.7,0.4,2,8.1,None,0,0.574,14.4,21.3,35.3,11,10-Jun,210,PF,32,1980,mchalke01.jpg,1.7,0.4,1.7,7.3,0.261,0.2,0.558,12.5,17.9,31,55.33%
148,1986,Boston Celtics,Dennis Johnson,5.8,1.4,0.4,3.4,0.143,0.5,0.468,13.1,15.6,35,6.7,4-Jun,185,PG,3,1976,johnsde01.jpg,5,1.3,0.6,3.9,0.172,0.5,0.455,11.5,14.1,32.7,44.32%
149,1986,Boston Celtics,Robert Parish,1.8,0.8,1.4,9.5,None,0,0.549,11.9,16.1,31.7,9.2,Jul-00,230,C,0,1976,parisro01.jpg,1.4,0.8,1.5,9.1,0,0,0.537,11.1,14.5,28.4,53.70%
150,1986,Boston Celtics,Danny Ainge,5.1,1.2,0.1,2.9,0.356,0.9,0.521,7.9,10.7,30.1,6.8,4-Jun,175,SG,44,1981,aingeda01.jpg,4,1.1,0.1,2.7,0.378,2.5,0.502,7,11.5,26.6,46.94%
151,1985,Los Angeles Lakers,Magic Johnson,12.6,1.5,0.3,6.2,0.189,0.5,0.577,11.2,18.3,36.1,12.7,9-Jun,215,PG,32,1979,johnsma02.jpg,11.2,1.9,0.4,7.2,0.303,1.2,0.541,12,19.5,36.7,51.94%
152,1985,Los Angeles Lakers,James Worthy,2.5,1.1,0.8,6.4,0,0.1,0.576,13.2,17.6,33.7,7.5,9-Jun,225,SF,42,1982,worthja01.jpg,3,1.1,0.7,5.1,0.241,0.5,0.532,13.7,17.6,32.4,52.18%
153,1985,Los Angeles Lakers,Kareem Abdul-Jabbar,3.2,0.8,2.1,7.9,0,0,0.6,15.3,22,33.3,11.2,2-Jul,225,C,33,1969,abdulka01.jpg,3.6,0.9,2.6,11.2,0.056,0,0.56,18.1,24.6,36.8,56.00%
154,1985,Los Angeles Lakers,Byron Scott,3,1.2,0.2,2.6,0.433,0.7,0.546,11.6,16,28.5,6.9,3-Jun,195,SG,4,1983,scottby01.jpg,2.5,1.1,0.3,2.8,0.37,2,0.505,9.5,14.1,28.1,48.15%
155,1985,Los Angeles Lakers,Michael Cooper,5.2,1.1,0.6,3.1,0.285,1.5,0.513,5.7,8.6,26.7,4.6,5-Jun,170,SG,21,1978,coopemi01.jpg,4.2,1.2,0.6,3.2,0.34,1.4,0.5,5.9,8.9,27.1,46.93%
156,1984,Boston Celtics,Larry Bird,6.6,1.8,0.9,10.1,0.247,0.9,0.504,18.6,24.2,38.3,13.6,9-Jun,220,PF,33,1978,birdla01.jpg,6.3,1.7,0.8,10,0.376,1.9,0.509,17.4,24.3,38.4,49.59%
157,1984,Boston Celtics,Robert Parish,1.7,0.7,1.5,10.7,None,0,0.546,14.3,19,35.8,10.5,Jul-00,230,C,0,1976,parisro01.jpg,1.4,0.8,1.5,9.1,0,0,0.537,11.1,14.5,28.4,53.70%
158,1984,Boston Celtics,Dennis Johnson,4.2,1.2,0.7,3.5,0.125,0.4,0.449,10.6,13.2,33.3,5.7,4-Jun,185,SG,3,1976,johnsde01.jpg,5,1.3,0.6,3.9,0.172,0.5,0.455,11.5,14.1,32.7,44.32%
159,1984,Boston Celtics,Kevin McHale,1.3,0.3,1.5,7.4,0.333,0,0.557,12.8,18.4,31.4,10.5,10-Jun,210,PF,32,1980,mchalke01.jpg,1.7,0.4,1.7,7.3,0.261,0.2,0.558,12.5,17.9,31,55.33%
160,1984,Boston Celtics,Cedric Maxwell,2.6,0.8,0.3,5.8,0.167,0.1,0.536,7.4,11.9,31.3,6.4,8-Jun,205,SF,31,1977,sports-direct-275x35.png,2.2,0.8,0.5,6.3,0.053,0,0.547,7.5,12.5,28.5,54.70%
161,1983,Philadelphia 76ers,Moses Malone,1.3,1.1,2,15.3,0,0,0.502,16.7,24.5,37.5,15.1,10-Jun,215,C,2,,malonmo01.jpg,1.3,0.8,1.3,12.3,0.096,0.1,0.497,14.2,20.3,34,49.42%
162,1983,Philadelphia 76ers,Julius Erving,3.7,1.6,1.8,6.8,0.286,0.1,0.518,16.2,21.4,33.6,10.9,7-Jun,210,SF,6,1972,ervinju01.jpg,4.2,2,1.7,8.5,0.298,0.4,0.51,18.4,24.2,36.4,50.55%
163,1983,Philadelphia 76ers,Maurice Cheeks,6.9,2.3,0.4,2.6,0.167,0.1,0.545,9.4,12.5,31.2,9.4,1-Jun,180,PG,10,1978,sports-direct-275x35.png,6.7,2.1,0.3,2.8,0.255,0.2,0.529,8.3,11.1,31.6,52.26%
164,1983,Philadelphia 76ers,Andrew Toney,4.5,1,0.2,2.8,0.289,0.9,0.514,14.5,19.7,30.5,7.3,3-Jun,178,SG,22,1980,sports-direct-275x35.png,4.2,0.8,0.2,2.2,0.342,0.9,0.512,11.4,15.9,26.9,49.96%
165,1983,Philadelphia 76ers,Bobby Jones,1.9,1.1,1.2,4.6,0,0,0.545,6.2,9,23.6,6.4,9-Jun,210,PF,24,1974,jonesbo01.jpg,2.7,1.5,1.4,6.1,0,0,0.561,8.4,12.1,27.3,56.10%
166,1982,Los Angeles Lakers,Magic Johnson,9.5,2.7,0.4,9.6,0.207,0.4,0.546,12.9,18.6,38.3,12.9,9-Jun,215,SG,32,1979,johnsma02.jpg,11.2,1.9,0.4,7.2,0.303,1.2,0.541,12,19.5,36.7,51.94%
167,1982,Los Angeles Lakers,Norm Nixon,8,1.6,0.1,2.1,0.25,0.1,0.495,15.4,17.6,36.9,6.6,2-Jun,170,PG,10,1977,sports-direct-275x35.png,8.3,1.5,0.1,2.6,0.294,0.6,0.489,13.6,15.7,35.5,48.08%
168,1982,Los Angeles Lakers,Jamaal Wilkes,1.7,1.1,0.3,4.8,0,0,0.527,17.2,21.1,35.4,7.7,6-Jun,190,SF,52,1974,wilkeja01.jpg,2.5,1.3,0.3,6.2,0.135,0.1,0.501,15,17.7,32.9,49.86%
169,1982,Los Angeles Lakers,Kareem Abdul-Jabbar,3,0.8,2.7,8.7,0,0,0.58,17.1,23.9,35.2,10.7,2-Jul,225,C,33,1969,abdulka01.jpg,3.6,0.9,2.6,11.2,0.056,0,0.56,18.1,24.6,36.8,56.00%
170,1982,Los Angeles Lakers,Mitch Kupchak,1.3,0.5,0.4,8.1,None,0,0.573,10.3,14.3,31.6,2.4,9-Jun,230,PF,41,1976,kupchmi01.jpg,0.7,0.3,0.3,5.4,0,0,0.523,7.5,10.2,19.4,52.30%
171,1981,Boston Celtics,Larry Bird,5.5,2,0.8,10.9,0.27,0.9,0.489,17.4,21.2,39.5,10.8,9-Jun,220,PF,33,1978,birdla01.jpg,6.3,1.7,0.8,10,0.376,1.9,0.509,17.4,24.3,38.4,49.59%
172,1981,Boston Celtics,Tiny Archibald,7.7,0.9,0.2,2.2,0,0.1,0.505,9.5,13.8,35.3,6.9,1-Jun,150,PG,7,1970,sports-direct-275x35.png,7.4,1.1,0.1,2.3,0.224,0.3,0.469,14.3,18.8,35.6,46.40%
173,1981,Boston Celtics,Cedric Maxwell,2.7,1,0.8,6.5,0,0,0.589,9.2,15.2,33.7,11,8-Jun,205,SF,31,1977,sports-direct-275x35.png,2.2,0.8,0.5,6.3,0.053,0,0.547,7.5,12.5,28.5,54.70%
174,1981,Boston Celtics,Chris Ford,3.6,1.2,0.3,2,0.33,1.3,0.465,7.3,8.9,33.2,3.7,5-Jun,190,SG,42,1972,sports-direct-275x35.png,3.4,1.6,0.3,3,0.375,1.5,0.464,8.2,9.2,27.8,45.02%
175,1981,Boston Celtics,Robert Parish,1.8,1,2.6,9.5,0,0,0.545,14.2,18.9,28,10.9,Jul-00,230,C,0,1976,parisro01.jpg,1.4,0.8,1.5,9.1,0,0,0.537,11.1,14.5,28.4,53.70%
176,1980,Los Angeles Lakers,Norm Nixon,7.8,1.8,0.2,2.8,0.125,0.1,0.519,14.6,17.6,39.3,6.7,2-Jun,170,PG,10,1977,sports-direct-275x35.png,8.3,1.5,0.1,2.6,0.294,0.6,0.489,13.6,15.7,35.5,48.08%
177,1980,Los Angeles Lakers,Kareem Abdul-Jabbar,4.5,1,3.4,10.8,0,0,0.604,16.9,24.8,38.3,14.8,2-Jul,225,C,33,1969,abdulka01.jpg,3.6,0.9,2.6,11.2,0.056,0,0.56,18.1,24.6,36.8,56.00%
178,1980,Los Angeles Lakers,Jamaal Wilkes,3,1.6,0.3,6.4,0.176,0.2,0.539,16.4,20,37.9,10,6-Jun,190,SF,52,1974,wilkeja01.jpg,2.5,1.3,0.3,6.2,0.135,0.1,0.501,15,17.7,32.9,49.86%
179,1980,Los Angeles Lakers,Magic Johnson,7.3,2.4,0.5,7.7,0.226,0.4,0.54,11.9,18,36.3,10.5,9-Jun,215,SG,32,1979,johnsma02.jpg,11.2,1.9,0.4,7.2,0.303,1.2,0.541,12,19.5,36.7,51.94%
180,1980,Los Angeles Lakers,Jim Chones,1.8,0.7,0.8,6.9,0,0,0.491,9.2,10.6,29.2,3.5,11-Jun,220,C,9,1973,sports-direct-275x35.png,1.6,0.6,1.1,8.2,0,0,0.479,11.2,12.5,30,47.90%