Year_Drafted,Player,Year1,Team1,wins1,Year2,Team2,wins2,Year3,Team3,wins3,Year4,Team4,wins4,Year5,Team5,wins5,Year6,Team6,wins6,Year7,Team7,wins7,Year8,Team8,wins8,Year9,Team9,wins9,Year10,Team10,wins10,Year11,Team11,wins11,Year12,Team12,wins12,Year13,Team13,wins13,Year14,Team14,wins14,Year15,Team15,wins15,Year16,Team16,wins16,Year17,Team17,wins17,Year18,Team18,wins18,Year19,Team19,wins19,Year20,Team20,wins20,Year21,Team21,wins21
2014,Andrew Wiggins,2014,MIN,16,2015,MIN,29,,,,,,,,,,,,,,,,,,,,,,,,,,,,,,,,,,,,,,,,,,,,,,,,,,,,,,,,,
2014,Jabari Parker,2014,MIL,41,2015,MIL,33,,,,,,,,,,,,,,,,,,,,,,,,,,,,,,,,,,,,,,,,,,,,,,,,,,,,,,,,,
2014,Joel Embiid,,,,,,,,,,,,,,,,,,,,,,,,,,,,,,,,,,,,,,,,,,,,,,,,,,,,,,,,,,,,,,,
2014,Aaron Gordon,2014,ORL,25,2015,ORL,35,,,,,,,,,,,,,,,,,,,,,,,,,,,,,,,,,,,,,,,,,,,,,,,,,,,,,,,,,
2014,Dante Exum,2014,UTA,38,,,,,,,,,,,,,,,,,,,,,,,,,,,,,,,,,,,,,,,,,,,,,,,,,,,,,,,,,,,,
2014,Marcus Smart,2014,BOS,40,2015,BOS,48,,,,,,,,,,,,,,,,,,,,,,,,,,,,,,,,,,,,,,,,,,,,,,,,,,,,,,,,,
2014,Julius Randle,2014,LAL,21,2015,LAL,17,,,,,,,,,,,,,,,,,,,,,,,,,,,,,,,,,,,,,,,,,,,,,,,,,,,,,,,,,
2013,Anthony Bennett,2013,CLE,33,2014,MIN,16,2015,TOR,56,,,,,,,,,,,,,,,,,,,,,,,,,,,,,,,,,,,,,,,,,,,,,,,,,,,,,,
2013,Victor Oladipo,2013,ORL,23,2014,ORL,25,2015,ORL,35,,,,,,,,,,,,,,,,,,,,,,,,,,,,,,,,,,,,,,,,,,,,,,,,,,,,,,
2013,Otto Porter,2013,WAS,44,2014,WAS,46,2015,WAS,41,,,,,,,,,,,,,,,,,,,,,,,,,,,,,,,,,,,,,,,,,,,,,,,,,,,,,,
2013,Cody Zeller,2013,CHA,43,2014,CHO,33,2015,CHO,48,,,,,,,,,,,,,,,,,,,,,,,,,,,,,,,,,,,,,,,,,,,,,,,,,,,,,,
2013,Alex Len,2013,PHO,48,2014,PHO,39,2015,PHO,23,,,,,,,,,,,,,,,,,,,,,,,,,,,,,,,,,,,,,,,,,,,,,,,,,,,,,,
2013,Nerlens Noel,2014,PHI,18,2015,PHI,10,,,,,,,,,,,,,,,,,,,,,,,,,,,,,,,,,,,,,,,,,,,,,,,,,,,,,,,,,
2013,Ben McLemore,2013,SAC,28,2014,SAC,29,2015,SAC,33,,,,,,,,,,,,,,,,,,,,,,,,,,,,,,,,,,,,,,,,,,,,,,,,,,,,,,
2012,Anthony Davis,2012,NOH,27,2013,NOP,34,2014,NOP,45,2015,NOP,30,,,,,,,,,,,,,,,,,,,,,,,,,,,,,,,,,,,,,,,,,,,,,,,,,,,
2012,Michael Kidd-Gilchrist,2012,CHA,21,2013,CHA,43,2014,CHO,33,2015,CHO,48,,,,,,,,,,,,,,,,,,,,,,,,,,,,,,,,,,,,,,,,,,,,,,,,,,,
2012,Bradley Beal,2012,WAS,29,2013,WAS,44,2014,WAS,46,2015,WAS,41,,,,,,,,,,,,,,,,,,,,,,,,,,,,,,,,,,,,,,,,,,,,,,,,,,,
2012,Dion Waiters,2012,CLE,24,2013,CLE,33,2014,OKC,45,2015,OKC,55,,,,,,,,,,,,,,,,,,,,,,,,,,,,,,,,,,,,,,,,,,,,,,,,,,,
2012,Thomas Robinson,2012,HOU,45,2013,POR,54,2014,PHI,18,2015,BRK,21,,,,,,,,,,,,,,,,,,,,,,,,,,,,,,,,,,,,,,,,,,,,,,,,,,,
2012,Damian Lillard,2012,POR,33,2013,POR,54,2014,POR,51,2015,POR,44,,,,,,,,,,,,,,,,,,,,,,,,,,,,,,,,,,,,,,,,,,,,,,,,,,,
2012,Harrison Barnes,2012,GSW,47,2013,GSW,51,2014,GSW,67,2015,GSW,73,,,,,,,,,,,,,,,,,,,,,,,,,,,,,,,,,,,,,,,,,,,,,,,,,,,
2011,Kyrie Irving,2011,CLE,21,2012,CLE,24,2013,CLE,33,2014,CLE,53,2015,CLE,57,,,,,,,,,,,,,,,,,,,,,,,,,,,,,,,,,,,,,,,,,,,,,,,,
2011,Derrick Williams,2011,MIN,26,2012,MIN,31,2013,SAC,28,2014,SAC,29,2015,NYK,32,,,,,,,,,,,,,,,,,,,,,,,,,,,,,,,,,,,,,,,,,,,,,,,,
2011,Enes Kanter,2011,UTA,36,2012,UTA,43,2013,UTA,25,2014,OKC,45,2015,OKC,55,,,,,,,,,,,,,,,,,,,,,,,,,,,,,,,,,,,,,,,,,,,,,,,,
2011,Tristan Thompson,2011,CLE,21,2012,CLE,24,2013,CLE,33,2014,CLE,53,2015,CLE,57,,,,,,,,,,,,,,,,,,,,,,,,,,,,,,,,,,,,,,,,,,,,,,,,
2011,Jonas Valanciunas,2012,TOR,34,2013,TOR,48,2014,TOR,49,2015,TOR,56,,,,,,,,,,,,,,,,,,,,,,,,,,,,,,,,,,,,,,,,,,,,,,,,,,,
2011,Jan Vesely,2011,WAS,20,2012,WAS,29,2013,DEN,36,,,,,,,,,,,,,,,,,,,,,,,,,,,,,,,,,,,,,,,,,,,,,,,,,,,,,,
2011,Bismack Biyombo,2011,CHA,7,2012,CHA,21,2013,CHA,43,2014,CHO,33,2015,TOR,56,,,,,,,,,,,,,,,,,,,,,,,,,,,,,,,,,,,,,,,,,,,,,,,,
2010,John Wall,2010,WAS,23,2011,WAS,20,2012,WAS,29,2013,WAS,44,2014,WAS,46,2015,WAS,41,,,,,,,,,,,,,,,,,,,,,,,,,,,,,,,,,,,,,,,,,,,,,
2010,Evan Turner,2010,PHI,41,2011,PHI,35,2012,PHI,34,2013,IND,56,2014,BOS,40,2015,BOS,48,,,,,,,,,,,,,,,,,,,,,,,,,,,,,,,,,,,,,,,,,,,,,
2010,Derrick Favors,2010,UTA,39,2011,UTA,36,2012,UTA,43,2013,UTA,25,2014,UTA,38,2015,UTA,40,,,,,,,,,,,,,,,,,,,,,,,,,,,,,,,,,,,,,,,,,,,,,
2010,Wesley Johnson,2010,MIN,17,2011,MIN,26,2012,PHO,25,2013,LAL,27,2014,LAL,21,2015,LAC,53,,,,,,,,,,,,,,,,,,,,,,,,,,,,,,,,,,,,,,,,,,,,,
2010,DeMarcus Cousins,2010,SAC,24,2011,SAC,22,2012,SAC,28,2013,SAC,28,2014,SAC,29,2015,SAC,33,,,,,,,,,,,,,,,,,,,,,,,,,,,,,,,,,,,,,,,,,,,,,
2010,Ekpe Udoh,2010,GSW,36,2011,MIL,31,2012,MIL,38,2013,MIL,15,2014,LAC,56,,,,,,,,,,,,,,,,,,,,,,,,,,,,,,,,,,,,,,,,,,,,,,,,
2010,Greg Monroe,2010,DET,30,2011,DET,25,2012,DET,29,2013,DET,29,2014,DET,32,2015,MIL,33,,,,,,,,,,,,,,,,,,,,,,,,,,,,,,,,,,,,,,,,,,,,,
2009,Blake Griffin,2010,LAC,32,2011,LAC,40,2012,LAC,56,2013,LAC,57,2014,LAC,56,2015,LAC,53,,,,,,,,,,,,,,,,,,,,,,,,,,,,,,,,,,,,,,,,,,,,,
2009,Hasheem Thabeet,2009,MEM,40,2010,HOU,43,2011,POR,28,2012,OKC,60,2013,OKC,59,,,,,,,,,,,,,,,,,,,,,,,,,,,,,,,,,,,,,,,,,,,,,,,,
2009,James Harden,2009,OKC,50,2010,OKC,55,2011,OKC,47,2012,HOU,45,2013,HOU,54,2014,HOU,56,2015,HOU,41,,,,,,,,,,,,,,,,,,,,,,,,,,,,,,,,,,,,,,,,,,
2009,Tyreke Evans,2009,SAC,25,2010,SAC,24,2011,SAC,22,2012,SAC,28,2013,NOP,34,2014,NOP,45,2015,NOP,30,,,,,,,,,,,,,,,,,,,,,,,,,,,,,,,,,,,,,,,,,,
2009,Ricky Rubio,2011,MIN,26,2012,MIN,31,2013,MIN,40,2014,MIN,16,2015,MIN,29,,,,,,,,,,,,,,,,,,,,,,,,,,,,,,,,,,,,,,,,,,,,,,,,
2009,Jonny Flynn,2009,MIN,15,2010,MIN,17,2011,POR,28,,,,,,,,,,,,,,,,,,,,,,,,,,,,,,,,,,,,,,,,,,,,,,,,,,,,,,
2009,Stephen Curry,2009,GSW,26,2010,GSW,36,2011,GSW,23,2012,GSW,47,2013,GSW,51,2014,GSW,67,2015,GSW,73,,,,,,,,,,,,,,,,,,,,,,,,,,,,,,,,,,,,,,,,,,
2008,Derrick Rose,2008,CHI,41,2009,CHI,41,2010,CHI,62,2011,CHI,50,2013,CHI,48,2014,CHI,50,2015,CHI,42,,,,,,,,,,,,,,,,,,,,,,,,,,,,,,,,,,,,,,,,,,
2008,Michael Beasley,2008,MIA,43,2009,MIA,47,2010,MIN,17,2011,MIN,26,2012,PHO,25,2013,MIA,54,2014,MIA,37,2015,HOU,41,,,,,,,,,,,,,,,,,,,,,,,,,,,,,,,,,,,,,,,
2008,O.J. Mayo,2008,MEM,24,2009,MEM,40,2010,MEM,46,2011,MEM,41,2012,DAL,41,2013,MIL,15,2014,MIL,41,2015,MIL,33,,,,,,,,,,,,,,,,,,,,,,,,,,,,,,,,,,,,,,,
2008,Russell Westbrook,2008,OKC,23,2009,OKC,50,2010,OKC,55,2011,OKC,47,2012,OKC,60,2013,OKC,59,2014,OKC,45,2015,OKC,55,,,,,,,,,,,,,,,,,,,,,,,,,,,,,,,,,,,,,,,
2008,Kevin Love,2008,MIN,24,2009,MIN,15,2010,MIN,17,2011,MIN,26,2012,MIN,31,2013,MIN,40,2014,CLE,53,2015,CLE,57,,,,,,,,,,,,,,,,,,,,,,,,,,,,,,,,,,,,,,,
2008,Danilo Gallinari,2008,NYK,32,2009,NYK,29,2010,DEN,50,2011,DEN,38,2012,DEN,57,2014,DEN,30,2015,DEN,33,,,,,,,,,,,,,,,,,,,,,,,,,,,,,,,,,,,,,,,,,,
2008,Eric Gordon,2008,LAC,19,2009,LAC,29,2010,LAC,32,2011,NOH,21,2012,NOH,27,2013,NOP,34,2014,NOP,45,2015,NOP,30,,,,,,,,,,,,,,,,,,,,,,,,,,,,,,,,,,,,,,,
2007,Greg Oden,2008,POR,54,2009,POR,50,2013,MIA,54,,,,,,,,,,,,,,,,,,,,,,,,,,,,,,,,,,,,,,,,,,,,,,,,,,,,,,
2007,Kevin Durant,2007,SEA,20,2008,OKC,23,2009,OKC,50,2010,OKC,55,2011,OKC,47,2012,OKC,60,2013,OKC,59,2014,OKC,45,2015,OKC,55,,,,,,,,,,,,,,,,,,,,,,,,,,,,,,,,,,,,
2007,Al Horford,2007,ATL,37,2008,ATL,47,2009,ATL,53,2010,ATL,44,2011,ATL,40,2012,ATL,44,2013,ATL,38,2014,ATL,60,2015,ATL,48,,,,,,,,,,,,,,,,,,,,,,,,,,,,,,,,,,,,
2007,Mike Conley,2007,MEM,22,2008,MEM,24,2009,MEM,40,2010,MEM,46,2011,MEM,41,2012,MEM,56,2013,MEM,50,2014,MEM,55,2015,MEM,42,,,,,,,,,,,,,,,,,,,,,,,,,,,,,,,,,,,,
2007,Jeff Green,2007,SEA,20,2008,OKC,23,2009,OKC,50,2010,BOS,56,2012,BOS,41,2013,BOS,25,2014,MEM,55,2015,LAC,53,,,,,,,,,,,,,,,,,,,,,,,,,,,,,,,,,,,,,,,
2007,Yi Jianlian,2007,MIL,26,2008,NJN,34,2009,NJN,12,2010,WAS,23,2011,DAL,36,,,,,,,,,,,,,,,,,,,,,,,,,,,,,,,,,,,,,,,,,,,,,,,,
2007,Corey Brewer,2007,MIN,22,2008,MIN,24,2009,MIN,15,2010,DAL,57,2011,DEN,38,2012,DEN,57,2013,MIN,40,2014,HOU,56,2015,HOU,41,,,,,,,,,,,,,,,,,,,,,,,,,,,,,,,,,,,,
2006,Andrea Bargnani,2006,TOR,47,2007,TOR,41,2008,TOR,33,2009,TOR,40,2010,TOR,22,2011,TOR,23,2012,TOR,34,2013,NYK,37,2014,NYK,17,2015,BRK,21,,,,,,,,,,,,,,,,,,,,,,,,,,,,,,,,,
2006,LaMarcus Aldridge,2006,POR,32,2007,POR,41,2008,POR,54,2009,POR,50,2010,POR,48,2011,POR,28,2012,POR,33,2013,POR,54,2014,POR,51,2015,SAS,67,,,,,,,,,,,,,,,,,,,,,,,,,,,,,,,,,
2006,Adam Morrison,2006,CHA,33,2008,LAL,65,2009,LAL,57,,,,,,,,,,,,,,,,,,,,,,,,,,,,,,,,,,,,,,,,,,,,,,,,,,,,,,
2006,Tyrus Thomas,2006,CHI,49,2007,CHI,33,2008,CHI,41,2009,CHA,44,2010,CHA,34,2011,CHA,7,2012,CHA,21,2014,MEM,55,,,,,,,,,,,,,,,,,,,,,,,,,,,,,,,,,,,,,,,
2006,Shelden Williams,2006,ATL,30,2007,SAC,38,2008,MIN,24,2009,BOS,50,2010,NYK,42,2011,NJN,22,,,,,,,,,,,,,,,,,,,,,,,,,,,,,,,,,,,,,,,,,,,,,
2006,Brandon Roy,2006,POR,32,2007,POR,41,2008,POR,54,2009,POR,50,2010,POR,48,2012,MIN,31,,,,,,,,,,,,,,,,,,,,,,,,,,,,,,,,,,,,,,,,,,,,,
2006,Randy Foye,2006,MIN,32,2007,MIN,22,2008,MIN,24,2009,WAS,26,2010,LAC,32,2011,LAC,40,2012,UTA,43,2013,DEN,36,2014,DEN,30,2015,OKC,55,,,,,,,,,,,,,,,,,,,,,,,,,,,,,,,,,
2005,Andrew Bogut,2005,MIL,40,2006,MIL,28,2007,MIL,26,2008,MIL,34,2009,MIL,46,2010,MIL,35,2011,MIL,31,2012,GSW,47,2013,GSW,51,2014,GSW,67,2015,GSW,73,,,,,,,,,,,,,,,,,,,,,,,,,,,,,,
2005,Marvin Williams,2005,ATL,26,2006,ATL,30,2007,ATL,37,2008,ATL,47,2009,ATL,53,2010,ATL,44,2011,ATL,40,2012,UTA,43,2013,UTA,25,2014,CHO,33,2015,CHO,48,,,,,,,,,,,,,,,,,,,,,,,,,,,,,,
2005,Deron Williams,2005,UTA,41,2006,UTA,51,2007,UTA,54,2008,UTA,48,2009,UTA,53,2010,NJN,24,2011,NJN,22,2012,BRK,49,2013,BRK,44,2014,BRK,38,2015,DAL,42,,,,,,,,,,,,,,,,,,,,,,,,,,,,,,
2005,Chris Paul,2005,NOK,38,2006,NOK,39,2007,NOH,56,2008,NOH,49,2009,NOH,37,2010,NOH,46,2011,LAC,40,2012,LAC,56,2013,LAC,57,2014,LAC,56,2015,LAC,53,,,,,,,,,,,,,,,,,,,,,,,,,,,,,,
2005,Raymond Felton,2005,CHA,26,2006,CHA,33,2007,CHA,32,2008,CHA,35,2009,CHA,44,2010,DEN,50,2011,POR,28,2012,NYK,54,2013,NYK,37,2014,DAL,50,2015,DAL,42,,,,,,,,,,,,,,,,,,,,,,,,,,,,,,
2005,Martell Webster,2005,POR,21,2006,POR,32,2007,POR,41,2008,POR,54,2009,POR,50,2010,MIN,17,2011,MIN,26,2012,WAS,29,2013,WAS,44,2014,WAS,46,,,,,,,,,,,,,,,,,,,,,,,,,,,,,,,,,
2005,Charlie Villanueva,2005,TOR,27,2006,MIL,28,2007,MIL,26,2008,MIL,34,2009,DET,27,2010,DET,30,2011,DET,25,2012,DET,29,2013,DET,29,2014,DAL,50,2015,DAL,42,,,,,,,,,,,,,,,,,,,,,,,,,,,,,,
2004,Dwight Howard,2004,ORL,36,2005,ORL,36,2006,ORL,40,2007,ORL,52,2008,ORL,59,2009,ORL,59,2010,ORL,52,2011,ORL,37,2012,LAL,45,2013,HOU,54,2014,HOU,56,2015,HOU,41,,,,,,,,,,,,,,,,,,,,,,,,,,,
2004,Emeka Okafor,2004,CHA,18,2005,CHA,26,2006,CHA,33,2007,CHA,32,2008,CHA,35,2009,NOH,37,2010,NOH,46,2011,NOH,21,2012,WAS,29,,,,,,,,,,,,,,,,,,,,,,,,,,,,,,,,,,,,
2004,Ben Gordon,2004,CHI,47,2005,CHI,41,2006,CHI,49,2007,CHI,33,2008,CHI,41,2009,DET,27,2010,DET,30,2011,DET,25,2012,CHA,21,2013,CHA,43,2014,ORL,25,,,,,,,,,,,,,,,,,,,,,,,,,,,,,,
2004,Shaun Livingston,2004,LAC,37,2005,LAC,47,2006,LAC,40,2008,OKC,23,2009,WAS,26,2010,CHA,34,2011,MIL,31,2012,CLE,24,2013,BRK,44,2014,GSW,67,2015,GSW,73,,,,,,,,,,,,,,,,,,,,,,,,,,,,,,
2004,Devin Harris,2004,DAL,58,2005,DAL,60,2006,DAL,67,2007,NJN,34,2008,NJN,34,2009,NJN,12,2010,UTA,39,2011,UTA,36,2012,ATL,44,2013,DAL,49,2014,DAL,50,2015,DAL,42,,,,,,,,,,,,,,,,,,,,,,,,,,,
2004,Josh Childress,2004,ATL,13,2005,ATL,26,2006,ATL,30,2007,ATL,37,2010,PHO,40,2011,PHO,33,2012,BRK,49,2013,NOP,34,,,,,,,,,,,,,,,,,,,,,,,,,,,,,,,,,,,,,,,
2004,Luol Deng,2004,CHI,47,2005,CHI,41,2006,CHI,49,2007,CHI,33,2008,CHI,41,2009,CHI,41,2010,CHI,62,2011,CHI,50,2012,CHI,45,2013,CLE,33,2014,MIA,37,2015,MIA,48,,,,,,,,,,,,,,,,,,,,,,,,,,,
2003,LeBron James,2003,CLE,35,2004,CLE,42,2005,CLE,50,2006,CLE,50,2007,CLE,45,2008,CLE,66,2009,CLE,61,2010,MIA,58,2011,MIA,46,2012,MIA,66,2013,MIA,54,2014,CLE,53,2015,CLE,57,,,,,,,,,,,,,,,,,,,,,,,,
2003,Darko Milicic,2003,DET,54,2004,DET,54,2005,ORL,36,2006,ORL,40,2007,MEM,22,2008,MEM,24,2009,MIN,15,2010,MIN,17,2011,MIN,26,2012,BOS,41,,,,,,,,,,,,,,,,,,,,,,,,,,,,,,,,,
2003,Carmelo Anthony,2003,DEN,43,2004,DEN,49,2005,DEN,44,2006,DEN,45,2007,DEN,50,2008,DEN,54,2009,DEN,53,2010,NYK,42,2011,NYK,36,2012,NYK,54,2013,NYK,37,2014,NYK,17,2015,NYK,32,,,,,,,,,,,,,,,,,,,,,,,,
2003,Chris Bosh,2003,TOR,33,2004,TOR,33,2005,TOR,27,2006,TOR,47,2007,TOR,41,2008,TOR,33,2009,TOR,40,2010,MIA,58,2011,MIA,46,2012,MIA,66,2013,MIA,54,2014,MIA,37,2015,MIA,48,,,,,,,,,,,,,,,,,,,,,,,,
2003,Dwyane Wade,2003,MIA,42,2004,MIA,59,2005,MIA,52,2006,MIA,44,2007,MIA,15,2008,MIA,43,2009,MIA,47,2010,MIA,58,2011,MIA,46,2012,MIA,66,2013,MIA,54,2014,MIA,37,2015,MIA,48,,,,,,,,,,,,,,,,,,,,,,,,
2003,Chris Kaman,2003,LAC,28,2004,LAC,37,2005,LAC,47,2006,LAC,40,2007,LAC,23,2008,LAC,19,2009,LAC,29,2010,LAC,32,2011,NOH,21,2012,DAL,41,2013,LAL,27,2014,POR,51,2015,POR,44,,,,,,,,,,,,,,,,,,,,,,,,
2003,Kirk Hinrich,2003,CHI,23,2004,CHI,47,2005,CHI,41,2006,CHI,49,2007,CHI,33,2008,CHI,41,2009,CHI,41,2010,ATL,44,2011,ATL,40,2012,CHI,45,2013,CHI,48,2014,CHI,50,2015,ATL,48,,,,,,,,,,,,,,,,,,,,,,,,
2002,Yao Ming,2002,HOU,43,2003,HOU,45,2004,HOU,51,2005,HOU,34,2006,HOU,52,2007,HOU,55,2008,HOU,53,2010,HOU,43,,,,,,,,,,,,,,,,,,,,,,,,,,,,,,,,,,,,,,,
2002,Jay Williams,2002,CHI,30,,,,,,,,,,,,,,,,,,,,,,,,,,,,,,,,,,,,,,,,,,,,,,,,,,,,,,,,,,,,
2002,Mike Dunleavy,2002,GSW,38,2003,GSW,37,2004,GSW,34,2005,GSW,34,2006,IND,35,2007,IND,36,2008,IND,36,2009,IND,32,2010,IND,37,2011,MIL,31,2012,MIL,38,2013,CHI,48,2014,CHI,50,2015,CHI,42,,,,,,,,,,,,,,,,,,,,,
2002,Drew Gooden,2002,ORL,42,2003,ORL,21,2004,CLE,42,2005,CLE,50,2006,CLE,50,2007,CHI,33,2008,SAS,54,2009,LAC,29,2010,MIL,35,2011,MIL,31,2012,MIL,38,2013,WAS,44,2014,WAS,46,2015,WAS,41,,,,,,,,,,,,,,,,,,,,,
2002,Nikoloz Tskitishvili,2002,DEN,17,2003,DEN,43,2004,GSW,34,2005,PHO,54,,,,,,,,,,,,,,,,,,,,,,,,,,,,,,,,,,,,,,,,,,,,,,,,,,,
2002,Dajuan Wagner,2002,CLE,17,2003,CLE,35,2004,CLE,42,2006,GSW,42,,,,,,,,,,,,,,,,,,,,,,,,,,,,,,,,,,,,,,,,,,,,,,,,,,,
2002,Nene Hilario,2002,DEN,17,2003,DEN,43,2004,DEN,49,2005,DEN,44,2006,DEN,45,2007,DEN,50,2008,DEN,54,2009,DEN,53,2010,DEN,50,2011,WAS,20,2012,WAS,29,2013,WAS,44,2014,WAS,46,2015,WAS,41,,,,,,,,,,,,,,,,,,,,,
2001,Kwame Brown,2001,WAS,37,2002,WAS,37,2003,WAS,25,2004,WAS,45,2005,LAL,45,2006,LAL,42,2007,MEM,22,2008,DET,39,2009,DET,27,2010,CHA,34,2011,GSW,23,2012,PHI,34,,,,,,,,,,,,,,,,,,,,,,,,,,,
2001,Tyson Chandler,2001,CHI,21,2002,CHI,30,2003,CHI,23,2004,CHI,47,2005,CHI,41,2006,NOH,39,2007,NOH,56,2008,NOH,49,2009,CHA,44,2010,DAL,57,2011,NYK,36,2012,NYK,54,2013,NYK,37,2014,DAL,50,2015,PHO,23,,,,,,,,,,,,,,,,,,
2001,Pau Gasol,2001,MEM,23,2002,MEM,28,2003,MEM,50,2004,MEM,45,2005,MEM,49,2006,MEM,22,2007,LAL,57,2008,LAL,65,2009,LAL,57,2010,LAL,57,2011,LAL,41,2012,LAL,45,2013,LAL,27,2014,CHI,50,2015,CHI,42,,,,,,,,,,,,,,,,,,
2001,Eddy Curry,2001,CHI,21,2002,CHI,30,2003,CHI,23,2004,CHI,47,2005,NYK,23,2006,NYK,33,2007,NYK,23,2008,NYK,32,2009,NYK,29,2011,MIA,46,2012,DAL,41,,,,,,,,,,,,,,,,,,,,,,,,,,,,,,
2001,Jason Richardson,2001,GSW,21,2002,GSW,38,2003,GSW,37,2004,GSW,34,2005,GSW,34,2006,GSW,42,2007,CHA,32,2008,PHO,46,2009,PHO,54,2010,ORL,52,2011,ORL,37,2012,PHI,34,2014,PHI,18,,,,,,,,,,,,,,,,,,,,,,,,
2001,Shane Battier,2001,MEM,23,2002,MEM,28,2003,MEM,50,2004,MEM,45,2005,MEM,49,2006,HOU,52,2007,HOU,55,2008,HOU,53,2009,HOU,42,2010,MEM,46,2011,MIA,46,2012,MIA,66,2013,MIA,54,,,,,,,,,,,,,,,,,,,,,,,,
2001,Eddie Griffin,2001,HOU,28,2002,HOU,43,2004,MIN,44,2005,MIN,33,2006,MIN,32,,,,,,,,,,,,,,,,,,,,,,,,,,,,,,,,,,,,,,,,,,,,,,,,
2000,Kenyon Martin,2000,NJN,26,2001,NJN,52,2002,NJN,49,2003,NJN,47,2004,DEN,49,2005,DEN,44,2006,DEN,45,2007,DEN,50,2008,DEN,54,2009,DEN,53,2010,DEN,50,2011,LAC,40,2012,NYK,54,2013,NYK,37,2014,MIL,41,,,,,,,,,,,,,,,,,,
2000,Stromile Swift,2000,MEM,23,2001,MEM,23,2002,MEM,28,2003,MEM,50,2004,MEM,45,2005,HOU,34,2006,MEM,22,2007,NJN,34,2008,PHO,46,,,,,,,,,,,,,,,,,,,,,,,,,,,,,,,,,,,,
2000,Darius Miles,2000,LAC,31,2001,LAC,39,2002,CLE,17,2003,POR,41,2004,POR,27,2005,POR,21,2008,MEM,24,,,,,,,,,,,,,,,,,,,,,,,,,,,,,,,,,,,,,,,,,,
2000,Marcus Fizer,2000,CHI,15,2001,CHI,21,2002,CHI,30,2003,CHI,23,2004,MIL,30,2005,NOH,38,,,,,,,,,,,,,,,,,,,,,,,,,,,,,,,,,,,,,,,,,,,,,
2000,Mike Miller,2000,ORL,43,2001,ORL,44,2002,MEM,28,2003,MEM,50,2004,MEM,45,2005,MEM,49,2006,MEM,22,2007,MEM,22,2008,MIN,24,2009,WAS,26,2010,MIA,58,2011,MIA,46,2012,MIA,66,2013,MEM,50,2014,CLE,53,2015,DEN,33,,,,,,,,,,,,,,,
2000,DerMarr Johnson,2000,ATL,25,2001,ATL,33,2003,NYK,39,2004,DEN,49,2005,DEN,44,2006,DEN,45,2007,SAS,56,,,,,,,,,,,,,,,,,,,,,,,,,,,,,,,,,,,,,,,,,,
2000,Chris Mihm,2000,CLE,30,2001,CLE,29,2002,CLE,17,2003,BOS,36,2004,LAL,34,2005,LAL,45,2007,LAL,57,2008,LAL,65,,,,,,,,,,,,,,,,,,,,,,,,,,,,,,,,,,,,,,,
1999,Elton Brand,1999,CHI,17,2000,CHI,15,2001,LAC,39,2002,LAC,27,2003,LAC,28,2004,LAC,37,2005,LAC,47,2006,LAC,40,2007,LAC,23,2008,PHI,41,2009,PHI,27,2010,PHI,41,2011,PHI,35,2012,DAL,41,2013,ATL,38,2014,ATL,60,2015,PHI,10,,,,,,,,,,,,
1999,Steve Francis,1999,HOU,34,2000,HOU,45,2001,HOU,28,2002,HOU,43,2003,HOU,45,2004,ORL,36,2005,NYK,23,2006,NYK,33,2007,HOU,55,,,,,,,,,,,,,,,,,,,,,,,,,,,,,,,,,,,,
1999,Baron Davis,1999,CHA,49,2000,CHA,46,2001,CHA,44,2002,NOH,47,2003,NOH,41,2004,GSW,34,2005,GSW,34,2006,GSW,42,2007,GSW,48,2008,LAC,19,2009,LAC,29,2010,CLE,19,2011,NYK,36,,,,,,,,,,,,,,,,,,,,,,,,
1999,Lamar Odom,1999,LAC,15,2000,LAC,31,2001,LAC,39,2002,LAC,27,2003,MIA,42,2004,LAL,34,2005,LAL,45,2006,LAL,42,2007,LAL,57,2008,LAL,65,2009,LAL,57,2010,LAL,57,2011,DAL,36,2012,LAC,56,,,,,,,,,,,,,,,,,,,,,
1999,Jonathan Bender,1999,IND,56,2000,IND,41,2001,IND,42,2002,IND,48,2003,IND,61,2004,IND,44,2005,IND,41,2009,NYK,29,,,,,,,,,,,,,,,,,,,,,,,,,,,,,,,,,,,,,,,
1999,Wally Szczerbiak,1999,MIN,50,2000,MIN,47,2001,MIN,50,2002,MIN,51,2003,MIN,58,2004,MIN,44,2005,BOS,33,2006,BOS,24,2007,CLE,45,2008,CLE,66,,,,,,,,,,,,,,,,,,,,,,,,,,,,,,,,,
1999,Richard Hamilton,1999,WAS,29,2000,WAS,19,2001,WAS,37,2002,DET,50,2003,DET,54,2004,DET,54,2005,DET,64,2006,DET,53,2007,DET,59,2008,DET,39,2009,DET,27,2010,DET,30,2011,CHI,50,2012,CHI,45,,,,,,,,,,,,,,,,,,,,,
1998,Michael Olowokandi,1998,LAC,9,1999,LAC,15,2000,LAC,31,2001,LAC,39,2002,LAC,27,2003,MIN,58,2004,MIN,44,2005,BOS,33,2006,BOS,24,,,,,,,,,,,,,,,,,,,,,,,,,,,,,,,,,,,,
1998,Mike Bibby,1998,MEM,8,1999,MEM,22,2000,MEM,23,2001,SAC,61,2002,SAC,59,2003,SAC,55,2004,SAC,50,2005,SAC,44,2006,SAC,33,2007,ATL,37,2008,ATL,47,2009,ATL,53,2010,WAS,23,2010,MIA,58,2011,NYK,36,,,,,,,,,,,,,,,,,,
1998,Raef LaFrentz,1998,DEN,14,1999,DEN,35,2000,DEN,40,2001,DAL,57,2002,DAL,60,2003,BOS,36,2004,BOS,45,2005,BOS,33,2006,POR,32,2007,POR,41,,,,,,,,,,,,,,,,,,,,,,,,,,,,,,,,,
1998,Antawn Jamison,1998,GSW,21,1999,GSW,19,2000,GSW,17,2001,GSW,21,2002,GSW,38,2003,DAL,52,2004,WAS,45,2005,WAS,42,2006,WAS,41,2007,WAS,43,2008,WAS,19,2009,CLE,61,2010,CLE,19,2011,CLE,21,2012,LAL,45,2013,LAC,57,,,,,,,,,,,,,,,
1998,Vince Carter,1998,TOR,23,1999,TOR,45,2000,TOR,47,2001,TOR,42,2002,TOR,24,2003,TOR,33,2004,NJN,42,2005,NJN,49,2006,NJN,41,2007,NJN,34,2008,NJN,34,2009,ORL,59,2010,PHO,40,2011,DAL,36,2012,DAL,41,2013,DAL,49,2014,MEM,55,2015,MEM,42,,,,,,,,,
1998,Robert Traylor,1998,MIL,28,1999,MIL,42,2000,CLE,30,2001,CHA,44,2002,NOH,47,2003,NOH,41,2004,CLE,42,,,,,,,,,,,,,,,,,,,,,,,,,,,,,,,,,,,,,,,,,,
1998,Jason Williams,1998,SAC,27,1999,SAC,44,2000,SAC,55,2001,MEM,23,2002,MEM,28,2003,MEM,50,2004,MEM,45,2005,MIA,52,2006,MIA,44,2007,MIA,15,2009,ORL,59,2010,MEM,46,,,,,,,,,,,,,,,,,,,,,,,,,,,
1997,Tim Duncan,1997,SAS,56,1998,SAS,37,1999,SAS,53,2000,SAS,58,2001,SAS,58,2002,SAS,60,2003,SAS,57,2004,SAS,59,2005,SAS,63,2006,SAS,58,2007,SAS,56,2008,SAS,54,2009,SAS,50,2010,SAS,61,2011,SAS,50,2012,SAS,58,2013,SAS,62,2014,SAS,55,2015,SAS,67,,,,,,
1997,Keith Van Horn,1997,NJN,43,1998,NJN,16,1999,NJN,31,2000,NJN,26,2001,NJN,52,2002,PHI,48,2003,MIL,41,2004,DAL,58,2005,DAL,60,,,,,,,,,,,,,,,,,,,,,,,,,,,,,,,,,,,,
1997,Chauncey Billups,1997,TOR,16,1998,DEN,14,1999,DEN,35,2000,MIN,47,2001,MIN,50,2002,DET,50,2003,DET,54,2004,DET,54,2005,DET,64,2006,DET,53,2007,DET,59,2008,DEN,54,2009,DEN,53,2010,NYK,42,2011,LAC,40,2012,LAC,56,2013,DET,29,,,,,,,,,,,,
1997,Antonio Daniels,1997,MEM,19,1998,SAS,37,1999,SAS,53,2000,SAS,58,2001,SAS,58,2002,POR,50,2003,OKC,37,2004,OKC,52,2005,WAS,42,2006,WAS,41,2007,WAS,43,2008,NOH,49,2010,PHI,41,,,,,,,,,,,,,,,,,,,,,,,,
1997,Tony Battie,1997,DEN,11,1998,BOS,19,1999,BOS,35,2000,BOS,36,2001,BOS,49,2002,BOS,44,2003,CLE,35,2004,ORL,36,2005,ORL,36,2006,ORL,40,2008,ORL,59,2009,NJN,12,2010,PHI,41,2011,PHI,35,,,,,,,,,,,,,,,,,,,,,
1997,Ron Mercer,1997,BOS,36,1998,BOS,19,1999,ORL,41,2000,CHI,15,2001,IND,42,2002,IND,48,2003,SAS,57,2004,NJN,42,,,,,,,,,,,,,,,,,,,,,,,,,,,,,,,,,,,,,,,
1997,Tim Thomas,1997,PHI,31,1998,MIL,28,1999,MIL,42,2000,MIL,52,2001,MIL,41,2002,MIL,42,2003,NYK,39,2004,NYK,33,2005,PHO,54,2006,LAC,40,2007,LAC,23,2008,NYK,32,2008,CHI,41,2009,DAL,55,,,,,,,,,,,,,,,,,,,,,
1996,Allen Iverson,1996,PHI,22,1997,PHI,31,1998,PHI,28,1999,PHI,49,2000,PHI,56,2001,PHI,43,2002,PHI,48,2003,PHI,33,2004,PHI,43,2005,PHI,38,2006,DEN,45,2007,DEN,50,2008,DET,39,2009,PHI,27,,,,,,,,,,,,,,,,,,,,,
1996,Marcus Camby,1996,TOR,30,1997,TOR,16,1998,NYK,27,1999,NYK,50,2000,NYK,48,2001,NYK,30,2002,DEN,17,2003,DEN,43,2004,DEN,49,2005,DEN,44,2006,DEN,45,2007,DEN,50,2008,LAC,19,2009,POR,50,2010,POR,48,2011,HOU,34,2012,NYK,54,,,,,,,,,,,,
1996,Shareef Abdur-Rahim,1996,MEM,14,1997,MEM,19,1998,MEM,8,1999,MEM,22,2000,MEM,23,2001,ATL,33,2002,ATL,35,2003,POR,41,2004,POR,27,2005,SAC,44,2006,SAC,33,2007,SAC,38,,,,,,,,,,,,,,,,,,,,,,,,,,,
1996,Stephon Marbury,1996,MIN,40,1997,MIN,45,1998,NJN,16,1999,NJN,31,2000,NJN,26,2001,PHO,36,2002,PHO,44,2003,NYK,39,2004,NYK,33,2005,NYK,23,2006,NYK,33,2007,NYK,23,2008,BOS,62,,,,,,,,,,,,,,,,,,,,,,,,
1996,Ray Allen,1996,MIL,33,1997,MIL,36,1998,MIL,28,1999,MIL,42,2000,MIL,52,2001,MIL,41,2002,OKC,40,2003,OKC,37,2004,OKC,52,2005,OKC,35,2006,OKC,31,2007,BOS,66,2008,BOS,62,2009,BOS,50,2010,BOS,56,2011,BOS,39,2012,MIA,66,2013,MIA,54,,,,,,,,,
1996,Antoine Walker,1996,BOS,15,1997,BOS,36,1998,BOS,19,1999,BOS,35,2000,BOS,36,2001,BOS,49,2002,BOS,44,2003,DAL,52,2004,BOS,45,2005,MIA,52,2006,MIA,44,2007,MIN,22,,,,,,,,,,,,,,,,,,,,,,,,,,,
1996,Lorenzen Wright,1996,LAC,36,1997,LAC,17,1998,LAC,9,1999,ATL,28,2000,ATL,25,2001,MEM,23,2002,MEM,28,2003,MEM,50,2004,MEM,45,2005,MEM,49,2006,ATL,30,2007,SAC,38,2008,CLE,66,,,,,,,,,,,,,,,,,,,,,,,,
1995,Joe Smith,1995,GSW,36,1996,GSW,30,1997,PHI,31,1998,MIN,25,1999,MIN,50,2000,DET,32,2001,MIN,50,2002,MIN,51,2003,MIL,41,2004,MIL,30,2005,MIL,40,2006,PHI,35,2007,CLE,45,2008,CLE,66,2009,ATL,53,2010,LAL,57,,,,,,,,,,,,,,,
1995,Antonio McDyess,1995,DEN,35,1996,DEN,21,1997,PHO,56,1998,DEN,14,1999,DEN,35,2000,DEN,40,2001,DEN,27,2003,PHO,29,2004,DET,54,2005,DET,64,2006,DET,53,2007,DET,59,2008,DET,39,2009,SAS,50,2010,SAS,61,,,,,,,,,,,,,,,,,,
1995,Jerry Stackhouse,1995,PHI,18,1996,PHI,22,1997,DET,37,1998,DET,29,1999,DET,42,2000,DET,32,2001,DET,50,2002,WAS,37,2003,WAS,25,2004,DAL,58,2005,DAL,60,2006,DAL,67,2007,DAL,51,2008,DAL,50,2009,MIL,46,2010,MIA,58,2011,ATL,40,2012,NJN,49,,,,,,,,,
1995,Rasheed Wallace,1995,WAS,39,1996,POR,49,1997,POR,46,1998,POR,35,1999,POR,59,2000,POR,50,2001,POR,49,2002,POR,50,2003,ATL,28,2003,DET,54,2004,DET,54,2005,DET,64,2006,DET,53,2007,DET,59,2008,DET,39,2009,BOS,50,2012,NYK,54,,,,,,,,,,,,
1995,Kevin Garnett,1995,MIN,26,1996,MIN,40,1997,MIN,45,1998,MIN,25,1999,MIN,50,2000,MIN,47,2001,MIN,50,2002,MIN,51,2003,MIN,58,2004,MIN,44,2005,MIN,33,2006,MIN,32,2007,BOS,66,2008,BOS,62,2009,BOS,50,2010,BOS,56,2011,BOS,39,2012,BOS,41,2013,NJN,44,2014,MIN,16,2015,MIN,29
1995,Bryant Reeves,1995,MEM,15,1996,MEM,14,1997,MEM,19,1998,MEM,8,1999,MEM,22,2000,MEM,23,,,,,,,,,,,,,,,,,,,,,,,,,,,,,,,,,,,,,,,,,,,,,
1995,Damon Stoudamire,1995,TOR,21,1996,TOR,30,1997,POR,46,1998,POR,35,1999,POR,59,2000,POR,50,2001,POR,49,2002,POR,50,2003,POR,41,2004,POR,27,2005,MEM,49,2006,MEM,22,2007,SAS,56,,,,,,,,,,,,,,,,,,,,,,,,
1994,Glenn Robinson,1994,MIL,34,1995,MIL,25,1996,MIL,33,1997,MIL,36,1998,MIL,28,1999,MIL,42,2000,MIL,52,2001,MIL,41,2002,ATL,35,2003,PHI,33,2004,SAS,59,,,,,,,,,,,,,,,,,,,,,,,,,,,,,,
1994,Jason Kidd,1994,DAL,36,1995,DAL,26,1996,PHO,40,1997,PHO,56,1998,PHO,27,1999,PHO,53,2000,PHO,51,2001,NJN,52,2002,NJN,49,2003,NJN,47,2004,NJN,42,2005,NJN,49,2006,NJN,41,2007,DAL,51,2008,DAL,50,2009,DAL,55,2010,DAL,57,2011,DAL,36,2012,NYK,54,,,,,,
1994,Grant Hill,1994,DET,28,1995,DET,46,1996,DET,54,1997,DET,37,1998,DET,29,1999,DET,42,2000,ORL,43,2001,ORL,44,2002,ORL,42,2004,ORL,36,2005,ORL,36,2006,ORL,40,2007,PHO,55,2008,PHO,46,2009,PHO,54,2010,PHO,40,2011,PHO,33,2012,LAC,56,,,,,,,,,
1994,Donyell Marshall,1994,GSW,26,1995,GSW,36,1996,GSW,30,1997,GSW,19,1998,GSW,21,1999,GSW,19,2000,UTA,53,2001,UTA,44,2002,CHI,30,2003,TOR,33,2004,TOR,33,2005,CLE,50,2006,CLE,50,2007,OKC,20,2008,PHI,41,,,,,,,,,,,,,,,,,,
1994,Juwan Howard,1994,WAS,21,1995,WAS,39,1996,WAS,44,1997,WAS,42,1998,WAS,18,1999,WAS,29,2000,DAL,53,2001,DEN,27,2002,DEN,17,2003,ORL,21,2004,HOU,51,2005,HOU,34,2006,HOU,52,2007,DAL,51,2008,CHA,35,2009,POR,50,2010,MIA,58,2011,MIA,46,2012,MIA,66,,,,,,
1994,Sharone Wright,1994,PHI,24,1995,TOR,21,1996,TOR,30,1997,TOR,16,,,,,,,,,,,,,,,,,,,,,,,,,,,,,,,,,,,,,,,,,,,,,,,,,,,
1994,Lamond Murray,1994,LAC,17,1995,LAC,29,1996,LAC,36,1997,LAC,17,1998,LAC,9,1999,CLE,32,2000,CLE,30,2001,CLE,29,2003,TOR,33,2004,TOR,33,2005,NJN,49,,,,,,,,,,,,,,,,,,,,,,,,,,,,,,
1993,Chris Webber,1993,GSW,50,1994,WAS,21,1995,WAS,39,1996,WAS,44,1997,WAS,42,1998,SAC,27,1999,SAC,44,2000,SAC,55,2001,SAC,61,2002,SAC,59,2003,SAC,55,2004,PHI,43,2005,PHI,38,2006,DET,53,2007,GSW,48,,,,,,,,,,,,,,,,,,
1993,Shawn Bradley,1993,PHI,25,1994,PHI,24,1995,NJN,30,1996,DAL,24,1997,DAL,20,1998,DAL,19,1999,DAL,40,2000,DAL,53,2001,DAL,57,2002,DAL,60,2003,DAL,52,2004,DAL,58,,,,,,,,,,,,,,,,,,,,,,,,,,,
1993,Anfernee Hardaway,1993,ORL,50,1994,ORL,57,1995,ORL,60,1996,ORL,45,1997,ORL,41,1998,ORL,33,1999,PHO,53,2000,PHO,51,2001,PHO,36,2002,PHO,44,2003,NYK,39,2004,NYK,33,2005,NYK,23,2007,MIA,15,,,,,,,,,,,,,,,,,,,,,
1993,Jamal Mashburn,1993,DAL,13,1994,DAL,36,1995,DAL,26,1996,MIA,61,1997,MIA,55,1998,MIA,33,1999,MIA,52,2000,CHA,46,2001,CHA,44,2002,NOH,47,2003,NOH,41,,,,,,,,,,,,,,,,,,,,,,,,,,,,,,
1993,Isaiah Rider,1993,MIN,20,1994,MIN,21,1995,MIN,26,1996,POR,49,1997,POR,46,1998,POR,35,1999,ATL,28,2000,LAL,56,2001,DEN,27,,,,,,,,,,,,,,,,,,,,,,,,,,,,,,,,,,,,
1993,Calbert Cheaney,1993,WAS,24,1994,WAS,21,1995,WAS,39,1996,WAS,44,1997,WAS,42,1998,WAS,18,1999,BOS,35,2000,DEN,40,2001,DEN,27,2002,UTA,47,2003,GSW,37,2004,GSW,34,2005,GSW,34,,,,,,,,,,,,,,,,,,,,,,,,
1993,Bobby Hurley,1993,SAC,28,1994,SAC,39,1995,SAC,39,1996,SAC,34,1997,MEM,19,,,,,,,,,,,,,,,,,,,,,,,,,,,,,,,,,,,,,,,,,,,,,,,,
1992,Shaquille O'Neal,1992,ORL,41,1993,ORL,50,1994,ORL,57,1995,ORL,60,1996,LAL,56,1997,LAL,61,1998,LAL,31,1999,LAL,67,2000,LAL,56,2001,LAL,58,2002,LAL,50,2003,LAL,56,2004,MIA,59,2005,MIA,52,2006,MIA,44,2007,PHO,55,2008,PHO,46,2009,CLE,61,2010,BOS,56,,,,,,
1992,Alonzo Mourning,1992,CHA,44,1993,CHA,41,1994,CHA,50,1995,MIA,42,1996,MIA,61,1997,MIA,55,1998,MIA,33,1999,MIA,52,2000,MIA,50,2001,MIA,36,2003,NJN,47,2004,MIA,59,2005,MIA,52,2006,MIA,44,2007,MIA,15,,,,,,,,,,,,,,,,,,
1992,Christian Laettner,1992,MIN,19,1993,MIN,20,1994,MIN,21,1995,ATL,46,1996,ATL,56,1997,ATL,50,1998,DET,29,1999,DET,42,2000,WAS,19,2001,WAS,37,2002,WAS,37,2003,WAS,25,2004,MIA,59,,,,,,,,,,,,,,,,,,,,,,,,
1992,Jim Jackson,1992,DAL,11,1993,DAL,13,1994,DAL,36,1995,DAL,26,1996,NJN,26,1997,GSW,19,1998,POR,35,1999,ATL,28,2000,CLE,30,2001,MIA,36,2002,SAC,59,2003,HOU,45,2004,PHO,62,2005,LAL,45,,,,,,,,,,,,,,,,,,,,,
1992,LaPhonso Ellis,1992,DEN,36,1993,DEN,42,1994,DEN,41,1995,DEN,35,1996,DEN,21,1997,DEN,11,1998,ATL,31,1999,ATL,28,2000,MIN,47,2001,MIA,36,2002,MIA,25,,,,,,,,,,,,,,,,,,,,,,,,,,,,,,
1992,Tom Gugliotta,1992,WAS,22,1993,WAS,24,1994,GSW,26,1994,MIN,21,1995,MIN,26,1996,MIN,40,1997,MIN,45,1998,PHO,27,1999,PHO,53,2000,PHO,51,2001,PHO,36,2002,PHO,44,2003,UTA,42,2004,ATL,13,,,,,,,,,,,,,,,,,,,,,
1992,Walt Williams,1992,SAC,25,1993,SAC,28,1994,SAC,39,1995,MIA,42,1996,TOR,30,1997,POR,46,1998,POR,35,1999,HOU,34,2000,HOU,45,2001,HOU,28,2002,DAL,60,,,,,,,,,,,,,,,,,,,,,,,,,,,,,,
1991,Larry Johnson,1991,CHA,31,1992,CHA,44,1993,CHA,41,1994,CHA,50,1995,CHA,41,1996,NYK,57,1997,NYK,43,1998,NYK,27,1999,NYK,50,2000,NYK,48,,,,,,,,,,,,,,,,,,,,,,,,,,,,,,,,,
1991,Kenny Anderson,1991,NJN,40,1992,NJN,43,1993,NJN,45,1994,NJN,30,1995,CHA,41,1996,POR,49,1997,BOS,36,1998,BOS,19,1999,BOS,35,2000,BOS,36,2001,BOS,49,2002,NOH,47,2003,IND,61,2004,LAC,37,,,,,,,,,,,,,,,,,,,,,
1991,Billy Owens,1991,GSW,55,1992,GSW,34,1993,GSW,50,1994,MIA,32,1995,SAC,39,1996,SAC,34,1997,SAC,27,1998,OKC,25,1999,GSW,19,2000,DET,32,,,,,,,,,,,,,,,,,,,,,,,,,,,,,,,,,
1991,Dikembe Mutombo,1991,DEN,24,1992,DEN,36,1993,DEN,42,1994,DEN,41,1995,DEN,35,1996,ATL,56,1997,ATL,50,1998,ATL,31,1999,ATL,28,2000,PHI,56,2001,PHI,43,2002,NJN,49,2003,NYK,39,2004,HOU,51,2005,HOU,34,2006,HOU,52,2007,HOU,55,2008,HOU,53,,,,,,,,,
1991,Steve Smith,1991,MIA,38,1992,MIA,36,1993,MIA,42,1994,ATL,42,1995,ATL,46,1996,ATL,56,1997,ATL,50,1998,ATL,31,1999,POR,59,2000,POR,50,2001,SAS,58,2002,SAS,60,2003,NOH,41,2004,MIA,59,,,,,,,,,,,,,,,,,,,,,
1991,Doug Smith,1991,DAL,22,1992,DAL,11,1993,DAL,13,1994,DAL,36,1995,BOS,33,,,,,,,,,,,,,,,,,,,,,,,,,,,,,,,,,,,,,,,,,,,,,,,,
1991,Luc Longley,1991,MIN,15,1992,MIN,19,1993,CHI,55,1994,CHI,47,1995,CHI,72,1996,CHI,69,1997,CHI,62,1998,PHO,27,1999,PHO,53,2000,NYK,48,,,,,,,,,,,,,,,,,,,,,,,,,,,,,,,,,
1990,Derrick Coleman,1990,NJN,26,1991,NJN,40,1992,NJN,43,1993,NJN,45,1994,NJN,30,1995,PHI,18,1996,PHI,22,1997,PHI,31,1998,CHA,26,1999,CHA,49,2000,CHA,46,2001,PHI,43,2002,PHI,48,2003,PHI,33,2004,DET,54,,,,,,,,,,,,,,,,,,
1990,Gary Payton,1990,OKC,41,1991,OKC,47,1992,OKC,55,1993,OKC,63,1994,OKC,57,1995,OKC,64,1996,OKC,57,1997,OKC,61,1998,OKC,25,1999,OKC,45,2000,OKC,44,2001,OKC,45,2002,MIL,42,2003,LAL,56,2004,BOS,45,2005,MIA,52,2006,MIA,44,,,,,,,,,,,,
1990,Mahmoud Abdul-Rauf,1990,DEN,20,1991,DEN,24,1992,DEN,36,1993,DEN,42,1994,DEN,41,1995,DEN,35,1996,SAC,34,1997,SAC,27,2000,MEM,23,,,,,,,,,,,,,,,,,,,,,,,,,,,,,,,,,,,,
1990,Dennis Scott,1990,ORL,31,1991,ORL,21,1992,ORL,41,1993,ORL,50,1994,ORL,57,1995,ORL,60,1996,ORL,45,1997,PHO,56,1998,MIN,25,1999,MEM,22,,,,,,,,,,,,,,,,,,,,,,,,,,,,,,,,,
1990,Kendall Gill,1990,CHA,26,1991,CHA,31,1992,CHA,44,1993,OKC,63,1994,OKC,57,1995,NJN,30,1996,NJN,26,1997,NJN,43,1998,NJN,16,1999,NJN,31,2000,NJN,26,2001,MIA,36,2002,MIN,51,2003,CHI,23,2004,MIL,30,,,,,,,,,,,,,,,,,,
1990,Felton Spencer,1990,MIN,29,1991,MIN,15,1992,MIN,19,1993,UTA,53,1994,UTA,60,1995,UTA,55,1996,GSW,30,1997,GSW,19,1998,GSW,21,1999,SAS,53,2000,NYK,48,2001,NYK,30,,,,,,,,,,,,,,,,,,,,,,,,,,,
1990,Lionel Simmons,1990,SAC,25,1991,SAC,29,1992,SAC,25,1993,SAC,28,1994,SAC,39,1995,SAC,39,1996,SAC,34,,,,,,,,,,,,,,,,,,,,,,,,,,,,,,,,,,,,,,,,,,
1989,Pervis Ellison,1989,SAC,23,1990,WAS,30,1991,WAS,25,1992,WAS,22,1993,WAS,24,1994,BOS,35,1995,BOS,33,1996,BOS,15,1997,BOS,36,1999,BOS,35,2000,OKC,44,,,,,,,,,,,,,,,,,,,,,,,,,,,,,,
1989,Danny Ferry,1990,CLE,33,1991,CLE,57,1992,CLE,54,1993,CLE,47,1994,CLE,43,1995,CLE,47,1996,CLE,42,1997,CLE,47,1998,CLE,22,1999,CLE,32,2000,SAS,58,2001,SAS,58,2002,SAS,60,,,,,,,,,,,,,,,,,,,,,,,,
1989,Sean Elliott,1989,SAS,56,1990,SAS,55,1991,SAS,47,1992,SAS,49,1993,DET,20,1994,SAS,62,1995,SAS,59,1996,SAS,20,1997,SAS,56,1998,SAS,37,1999,SAS,53,2000,SAS,58,,,,,,,,,,,,,,,,,,,,,,,,,,,
1989,Glen Rice,1989,MIA,18,1990,MIA,24,1991,MIA,38,1992,MIA,36,1993,MIA,42,1994,MIA,32,1995,CHA,41,1996,CHA,54,1997,CHA,51,1998,LAL,31,1999,LAL,67,2000,NYK,48,2001,HOU,28,2002,HOU,43,2003,LAC,28,,,,,,,,,,,,,,,,,,
1989,J.R. Reid,1989,CHA,19,1990,CHA,26,1991,CHA,31,1992,SAS,49,1993,SAS,55,1994,SAS,62,1995,NYK,47,1997,CHA,51,1998,LAL,31,1999,MIL,42,2000,CLE,30,,,,,,,,,,,,,,,,,,,,,,,,,,,,,,
1989,Stacey King,1989,CHI,55,1990,CHI,61,1991,CHI,67,1992,CHI,57,1993,MIN,20,1994,MIN,21,1995,MIA,42,1996,DAL,24,,,,,,,,,,,,,,,,,,,,,,,,,,,,,,,,,,,,,,,
1989,George McCloud,1989,IND,42,1990,IND,41,1991,IND,40,1992,IND,41,1994,DAL,36,1995,DAL,26,1996,LAL,56,1997,PHO,56,1998,PHO,27,1999,DEN,35,2000,DEN,40,2001,DEN,27,,,,,,,,,,,,,,,,,,,,,,,,,,,
1988,Danny Manning,1988,LAC,21,1989,LAC,30,1990,LAC,31,1991,LAC,45,1992,LAC,41,1993,ATL,57,1994,PHO,59,1995,PHO,41,1996,PHO,40,1997,PHO,56,1998,PHO,27,1999,MIL,42,2000,UTA,53,2001,DAL,57,2002,DET,50,,,,,,,,,,,,,,,,,,
1988,Rik Smits,1988,IND,28,1989,IND,42,1990,IND,41,1991,IND,40,1992,IND,41,1993,IND,47,1994,IND,52,1995,IND,52,1996,IND,39,1997,IND,58,1998,IND,33,1999,IND,56,,,,,,,,,,,,,,,,,,,,,,,,,,,
1988,Charles Smith,1988,LAC,21,1989,LAC,30,1990,LAC,31,1991,LAC,45,1992,NYK,60,1993,NYK,57,1994,NYK,55,1995,SAS,59,1996,SAS,20,,,,,,,,,,,,,,,,,,,,,,,,,,,,,,,,,,,,
1988,Chris Morris,1988,NJN,26,1989,NJN,17,1990,NJN,26,1991,NJN,40,1992,NJN,43,1993,NJN,45,1994,NJN,30,1995,UTA,55,1996,UTA,64,1997,UTA,62,1998,PHO,27,,,,,,,,,,,,,,,,,,,,,,,,,,,,,,
1988,Mitch Richmond,1988,GSW,43,1989,GSW,37,1990,GSW,44,1991,SAC,29,1992,SAC,25,1993,SAC,28,1994,SAC,39,1995,SAC,39,1996,SAC,34,1997,SAC,27,1998,WAS,18,1999,WAS,29,2000,WAS,19,2001,LAL,58,,,,,,,,,,,,,,,,,,,,,
1988,Hersey Hawkins,1988,PHI,46,1989,PHI,53,1990,PHI,44,1991,PHI,35,1992,PHI,26,1993,CHA,41,1994,CHA,50,1995,OKC,64,1996,OKC,57,1997,OKC,61,1998,OKC,25,1999,CHI,17,2000,CHA,46,,,,,,,,,,,,,,,,,,,,,,,,
1988,Tim Perry,1988,PHO,55,1989,PHO,54,1990,PHO,55,1991,PHO,53,1992,PHI,26,1993,PHI,25,1994,PHI,24,1995,NJN,30,,,,,,,,,,,,,,,,,,,,,,,,,,,,,,,,,,,,,,,
1987,David Robinson,1989,SAS,56,1990,SAS,55,1991,SAS,47,1992,SAS,49,1993,SAS,55,1994,SAS,62,1995,SAS,59,1996,SAS,20,1997,SAS,56,1998,SAS,37,1999,SAS,53,2000,SAS,58,2001,SAS,58,2002,SAS,60,,,,,,,,,,,,,,,,,,,,,
1987,Armen Gilliam,1987,PHO,28,1988,PHO,55,1989,CHA,19,1990,PHI,44,1991,PHI,35,1992,PHI,26,1993,NJN,45,1994,NJN,30,1995,NJN,30,1996,MIL,33,1997,MIL,36,1998,MIL,28,1999,UTA,55,,,,,,,,,,,,,,,,,,,,,,,,
1987,Dennis Hopson,1987,NJN,19,1988,NJN,26,1989,NJN,17,1990,CHI,61,1991,SAC,29,,,,,,,,,,,,,,,,,,,,,,,,,,,,,,,,,,,,,,,,,,,,,,,,
1987,Reggie Williams,1987,LAC,17,1988,LAC,21,1989,CLE,42,1989,SAS,56,1990,DEN,20,1991,DEN,24,1992,DEN,36,1993,DEN,42,1994,DEN,41,1995,DEN,35,1996,NJN,26,,,,,,,,,,,,,,,,,,,,,,,,,,,,,,
1987,Scottie Pippen,1987,CHI,50,1988,CHI,47,1989,CHI,55,1990,CHI,61,1991,CHI,67,1992,CHI,57,1993,CHI,55,1994,CHI,47,1995,CHI,72,1996,CHI,69,1997,CHI,62,1998,HOU,31,1999,POR,59,2000,POR,50,2001,POR,49,2002,POR,50,2003,CHI,23,,,,,,,,,,,,
1987,Kenny Smith,1987,SAC,24,1988,SAC,27,1989,ATL,41,1990,HOU,52,1991,HOU,42,1992,HOU,55,1993,HOU,58,1994,HOU,47,1995,HOU,48,1996,ORL,45,1996,DEN,21,,,,,,,,,,,,,,,,,,,,,,,,,,,,,,
1987,Kevin Johnson,1987,PHO,28,1988,PHO,55,1989,PHO,54,1990,PHO,55,1991,PHO,53,1992,PHO,62,1993,PHO,56,1994,PHO,59,1995,PHO,41,1996,PHO,40,1997,PHO,56,1999,PHO,53,,,,,,,,,,,,,,,,,,,,,,,,,,,
1986,Brad Daugherty,1986,CLE,31,1987,CLE,42,1988,CLE,57,1989,CLE,42,1990,CLE,33,1991,CLE,57,1992,CLE,54,1993,CLE,47,,,,,,,,,,,,,,,,,,,,,,,,,,,,,,,,,,,,,,,
1986,Len Bias,,,,,,,,,,,,,,,,,,,,,,,,,,,,,,,,,,,,,,,,,,,,,,,,,,,,,,,,,,,,,,,
1986,Chris Washburn,1986,GSW,42,1987,ATL,50,,,,,,,,,,,,,,,,,,,,,,,,,,,,,,,,,,,,,,,,,,,,,,,,,,,,,,,,,
1986,Chuck Person,1986,IND,41,1987,IND,38,1988,IND,28,1989,IND,42,1990,IND,41,1991,IND,40,1992,MIN,19,1993,MIN,20,1994,SAS,62,1995,SAS,59,1997,SAS,56,1998,CHA,26,1999,OKC,45,,,,,,,,,,,,,,,,,,,,,,,,
1986,Kenny Walker,1986,NYK,24,1987,NYK,38,1988,NYK,52,1989,NYK,45,1990,NYK,39,1993,WAS,24,1994,WAS,21,,,,,,,,,,,,,,,,,,,,,,,,,,,,,,,,,,,,,,,,,,
1986,William Bedford,1986,PHO,36,1987,DET,54,1989,DET,59,1990,DET,50,1991,DET,48,1992,SAS,49,,,,,,,,,,,,,,,,,,,,,,,,,,,,,,,,,,,,,,,,,,,,,
1986,Roy Tarpley,1986,DAL,55,1987,DAL,53,1988,DAL,38,1989,DAL,47,1990,DAL,28,1994,DAL,36,,,,,,,,,,,,,,,,,,,,,,,,,,,,,,,,,,,,,,,,,,,,,
1985,Patrick Ewing,1985,NYK,23,1986,NYK,24,1987,NYK,38,1988,NYK,52,1989,NYK,45,1990,NYK,39,1991,NYK,51,1992,NYK,60,1993,NYK,57,1994,NYK,55,1995,NYK,47,1996,NYK,57,1997,NYK,43,1998,NYK,27,1999,NYK,50,2000,OKC,44,2001,ORL,44,,,,,,,,,,,,
1985,Wayman Tisdale,1985,IND,26,1986,IND,41,1987,IND,38,1988,SAC,27,1989,SAC,23,1990,SAC,25,1991,SAC,29,1992,SAC,25,1993,SAC,28,1994,PHO,59,1995,PHO,41,1996,PHO,40,,,,,,,,,,,,,,,,,,,,,,,,,,,
1985,Benoit Benjamin,1985,LAC,32,1986,LAC,12,1987,LAC,17,1988,LAC,21,1989,LAC,30,1990,OKC,41,1991,OKC,47,1992,LAL,39,1993,NJN,45,1994,NJN,30,1995,MIL,25,1996,TOR,30,1997,PHI,31,1998,PHI,28,1999,CLE,32,,,,,,,,,,,,,,,,,,
1985,Xavier McDaniel,1985,OKC,31,1986,OKC,39,1987,OKC,44,1988,OKC,47,1989,OKC,41,1990,PHO,55,1991,NYK,51,1992,BOS,48,1993,BOS,32,1994,BOS,35,1996,NJN,26,1997,NJN,43,,,,,,,,,,,,,,,,,,,,,,,,,,,
1985,Jon Koncak,1985,ATL,50,1986,ATL,57,1987,ATL,50,1988,ATL,52,1989,ATL,41,1990,ATL,43,1991,ATL,38,1992,ATL,43,1993,ATL,57,1994,ATL,42,1995,ORL,60,,,,,,,,,,,,,,,,,,,,,,,,,,,,,,
1985,Joe Kleine,1985,SAC,37,1986,SAC,29,1987,SAC,24,1988,BOS,42,1989,BOS,52,1990,BOS,56,1991,BOS,51,1992,BOS,48,1993,PHO,56,1994,PHO,59,1995,PHO,41,1996,LAL,56,1996,NJN,26,1997,CHI,62,1998,PHO,27,1999,POR,59,,,,,,,,,,,,,,,
1985,Chris Mullin,1985,GSW,30,1986,GSW,42,1987,GSW,20,1988,GSW,43,1989,GSW,37,1990,GSW,44,1991,GSW,55,1992,GSW,34,1993,GSW,50,1994,GSW,26,1995,GSW,36,1996,GSW,30,1997,IND,58,1998,IND,33,1999,IND,56,2000,GSW,17,,,,,,,,,,,,,,,
